CREATE TABLE IF NOT EXISTS career_metadata (
    id SERIAL PRIMARY KEY,
    code TEXT,
    name TEXT
);

CREATE TABLE IF NOT EXISTS subjects_metadata (
    id SERIAL PRIMARY KEY,
    career_id INTEGER REFERENCES career_metadata(id),
    name TEXT,
    credits INTEGER,
    credits_percentage_required REAL,
    semester INTEGER NOT NULL DEFAULT 0
);

CREATE TABLE IF NOT EXISTS subjects_prerrequisite (
    class1_id INTEGER REFERENCES subjects_metadata(id),
    class2_id INTEGER REFERENCES subjects_metadata(id),
    PRIMARY KEY (class1_id, class2_id)
);

-- Cargar datos de carreras
INSERT INTO career_metadata VALUES(1,'LEL','Licenciatura en Electricidad');
INSERT INTO career_metadata VALUES(2,'LCA','Licenciatura en Ciencias Atmosféricas');
INSERT INTO career_metadata VALUES(3,'LGH-G','Licenciatura en Gestión de la Hospitalidad con énfasis en Gastronomía');
INSERT INTO career_metadata VALUES(4,'LGH-H','Licenciatura en Gestión de la Hospitalidad con énfasis en Hotelería');
INSERT INTO career_metadata VALUES(5,'LGH-T','Licenciatura en Gestión de la Hospitalidad con énfasis en Turismo');
INSERT INTO career_metadata VALUES(6,'LCI','Licenciatura en Ciencias de la Información');
INSERT INTO career_metadata VALUES(7,'IMK','Ingeniería en Marketing');
INSERT INTO career_metadata VALUES(8,'IIN','Ingeniería en Informática');
INSERT INTO career_metadata VALUES(9,'IEK-EM','Ingeniería en Electrónica con énfasis en Electrónica Médica');
INSERT INTO career_metadata VALUES(10,'IEK-TI','Ingeniería en Electrónica con énfasis en Teleprocesamiento de la Información');
INSERT INTO career_metadata VALUES(11,'IEK-CI','Ingeniería en Electrónica con énfasis en Control Industrial');
INSERT INTO career_metadata VALUES(12,'IEK-MEC','Ingeniería en Electrónica con énfasis en Mecatrónica');
INSERT INTO career_metadata VALUES(13,'IEL','Ingeniería en Electricidad');
INSERT INTO career_metadata VALUES(14,'LCIK-ASI','Licenciatura en Ciencias Informáticas con énfasis en Análisis de Sistemas Informáticos');
INSERT INTO career_metadata VALUES(15,'LCIK-PC','Licenciatura en Ciencias Informáticas con énfasis en Programación de Computadoras');
INSERT INTO career_metadata VALUES(16,'ISP','Ingeniería en Sistemas de Producción');
INSERT INTO career_metadata VALUES(17,'ICM','Ingeniería en Ciencias de los Materiales');
INSERT INTO career_metadata VALUES(18,'IAE','Ingeniería en Aeronáutica');
INSERT INTO career_metadata VALUES(19,'IEN','Ingeniería en Energía');
INSERT INTO career_metadata VALUES(20,'TSE','Técnico Superior en Electrónica');

-- Cargar metadatos de las materias --
INSERT INTO subjects_metadata VALUES(1,8,'Algebra Lineal',7,0.0,2);
INSERT INTO subjects_metadata VALUES(2,8,'Algoritmos y Estructuras de Datos I',9,0.0,1);
INSERT INTO subjects_metadata VALUES(3,8,'Algoritmos y Estructuras de Datos II',7,0.0,2);
INSERT INTO subjects_metadata VALUES(4,8,'Algoritmos y Estructuras de Datos III',7,0.0,3);
INSERT INTO subjects_metadata VALUES(5,8,'Bases de Datos I',7,0.0,6);
INSERT INTO subjects_metadata VALUES(6,8,'Bases de Datos II',7,0.0,8);
INSERT INTO subjects_metadata VALUES(7,8,'Cálculo I',7,0.0,2);
INSERT INTO subjects_metadata VALUES(8,8,'Cálculo II',7,0.0,3);
INSERT INTO subjects_metadata VALUES(9,8,'Cálculo III',7,0.0,4);
INSERT INTO subjects_metadata VALUES(10,8,'Contabilidad',4,0.0,3);
INSERT INTO subjects_metadata VALUES(11,8,'Diseño de Compiladores',7,0.0,10);
INSERT INTO subjects_metadata VALUES(12,8,'Economía y Finanzas',4,0.0,4);
INSERT INTO subjects_metadata VALUES(13,8,'Electiva 1',7,0.5500000000000000444,7);
INSERT INTO subjects_metadata VALUES(14,8,'Electiva 2',7,0.6999999999999999556,8);
INSERT INTO subjects_metadata VALUES(15,8,'Electiva 3',7,0.6999999999999999556,8);
INSERT INTO subjects_metadata VALUES(16,8,'Electiva 4',7,0.6999999999999999556,9);
INSERT INTO subjects_metadata VALUES(17,8,'Electiva 5',7,0.6999999999999999556,9);
INSERT INTO subjects_metadata VALUES(18,8,'Electiva 6',7,0.8000000000000000444,10);
INSERT INTO subjects_metadata VALUES(19,8,'Electiva 7',7,0.8000000000000000444,10);
INSERT INTO subjects_metadata VALUES(20,8,'Emprendedorismo',4,0.0,1);
INSERT INTO subjects_metadata VALUES(21,8,'Estructura de los Lenguajes',7,0.0,6);
INSERT INTO subjects_metadata VALUES(22,8,'Expresión Oral y Escrita',4,0.0,1);
INSERT INTO subjects_metadata VALUES(23,8,'Física 1',7,0.0,3);
INSERT INTO subjects_metadata VALUES(24,8,'Física 2',7,0.0,4);
INSERT INTO subjects_metadata VALUES(25,8,'Física 3',7,0.0,5);
INSERT INTO subjects_metadata VALUES(26,8,'Física 4',5,0.0,6);
INSERT INTO subjects_metadata VALUES(27,8,'Fundamentos de Matemática',7,0.0,1);
INSERT INTO subjects_metadata VALUES(28,8,'Gestión de Centro de Cómputos',7,0.6999999999999999556,9);
INSERT INTO subjects_metadata VALUES(29,8,'Ingeniería de Software I',7,0.0,6);
INSERT INTO subjects_metadata VALUES(30,8,'Ingeniería de Software II',7,0.0,7);
INSERT INTO subjects_metadata VALUES(31,8,'Ingeniería de Software III',7,0.0,8);
INSERT INTO subjects_metadata VALUES(32,8,'Inglés',4,0.0,2);
INSERT INTO subjects_metadata VALUES(33,8,'Investigación de Operaciones I',7,0.0,5);
INSERT INTO subjects_metadata VALUES(34,8,'Investigación de Operaciones II',7,0.0,7);
INSERT INTO subjects_metadata VALUES(35,8,'Lenguajes de Programación I',7,0.0,2);
INSERT INTO subjects_metadata VALUES(36,8,'Lenguajes de Programación II',7,0.0,3);
INSERT INTO subjects_metadata VALUES(37,8,'Lenguajes de Programación III',7,0.0,5);
INSERT INTO subjects_metadata VALUES(38,8,'Lógica para Ciencias de la Computación',7,0.0,3);
INSERT INTO subjects_metadata VALUES(39,8,'Matemática Aplicada',7,0.0,7);
INSERT INTO subjects_metadata VALUES(40,8,'Matemática Discreta',7,0.0,1);
INSERT INTO subjects_metadata VALUES(41,8,'Métodos Numéricos',7,0.0,6);
INSERT INTO subjects_metadata VALUES(42,8,'Optativa 1',4,0.0,7);
INSERT INTO subjects_metadata VALUES(43,8,'Optativa 2',4,0.0,8);
INSERT INTO subjects_metadata VALUES(44,8,'Optativa 3',4,0.0,9);
INSERT INTO subjects_metadata VALUES(45,8,'Organización y Arquitectura de Computadoras I',7,0.0,1);
INSERT INTO subjects_metadata VALUES(46,8,'Organización y Arquitectura de Computadoras II',7,0.0,2);
INSERT INTO subjects_metadata VALUES(47,8,'Probabilidades y Estadística',7,0.0,4);
INSERT INTO subjects_metadata VALUES(48,8,'Redes de Computadoras I',7,0.0,4);
INSERT INTO subjects_metadata VALUES(49,8,'Redes de Computadoras II',7,0.0,5);
INSERT INTO subjects_metadata VALUES(50,8,'Sistemas Distribuidos',7,0.0,5);
INSERT INTO subjects_metadata VALUES(51,8,'Sistemas Operativos',7,0.0,4);
INSERT INTO subjects_metadata VALUES(52,8,'Técnicas de Organización y Métodos',4,0.0,5);
INSERT INTO subjects_metadata VALUES(53,8,'Proyecto Final de Tesis',0,0.8499999999999999778,9);
INSERT INTO subjects_metadata VALUES(54,8,'Proyecto Final de Tesis',0,0.8499999999999999778,10);
INSERT INTO subjects_metadata VALUES(55,14,'Administración I',0,0.0,1);
INSERT INTO subjects_metadata VALUES(56,14,'Administración II',0,0.0,2);
INSERT INTO subjects_metadata VALUES(57,14,'Administración III',0,0.0,3);
INSERT INTO subjects_metadata VALUES(58,14,'Administración IV',0,0.0,5);
INSERT INTO subjects_metadata VALUES(59,14,'Administración V',0,0.0,7);
INSERT INTO subjects_metadata VALUES(60,14,'Algorítmica I',0,0.0,1);
INSERT INTO subjects_metadata VALUES(61,14,'Algorítmica II',0,0.0,2);
INSERT INTO subjects_metadata VALUES(62,14,'Auditoría y Control de Calidad',0,0.0,8);
INSERT INTO subjects_metadata VALUES(63,14,'Base de Datos I',0,0.0,4);
INSERT INTO subjects_metadata VALUES(64,14,'Base de Datos II',0,0.0,5);
INSERT INTO subjects_metadata VALUES(65,14,'Bases de Datos III',0,0.0,6);
INSERT INTO subjects_metadata VALUES(66,14,'Electiva I',0,0.0,5);
INSERT INTO subjects_metadata VALUES(67,14,'Electiva II',0,0.0,6);
INSERT INTO subjects_metadata VALUES(68,14,'Electiva III',0,0.0,7);
INSERT INTO subjects_metadata VALUES(69,14,'Electiva IV',0,0.0,8);
INSERT INTO subjects_metadata VALUES(70,14,'Estadística y Probabilidades',0,0.0,3);
INSERT INTO subjects_metadata VALUES(71,14,'Estructura de Datos',0,0.0,3);
INSERT INTO subjects_metadata VALUES(72,14,'Física',0,0.0,4);
INSERT INTO subjects_metadata VALUES(73,14,'Informática I',0,0.0,1);
INSERT INTO subjects_metadata VALUES(74,14,'Informática II',0,0.0,2);
INSERT INTO subjects_metadata VALUES(75,14,'Ingeniería de Software I',0,0.0,6);
INSERT INTO subjects_metadata VALUES(76,14,'Ingeniería de Software II',0,0.0,7);
INSERT INTO subjects_metadata VALUES(77,14,'Ingeniería de Software III',0,0.0,8);
INSERT INTO subjects_metadata VALUES(78,14,'Inglés Técnico',0,0.0,2);
INSERT INTO subjects_metadata VALUES(79,14,'Investigación Operativa I',0,0.0,6);
INSERT INTO subjects_metadata VALUES(80,14,'Investigación Operativa II',0,0.0,7);
INSERT INTO subjects_metadata VALUES(81,14,'Matemática I',0,0.0,1);
INSERT INTO subjects_metadata VALUES(82,14,'Matemática II',0,0.0,1);
INSERT INTO subjects_metadata VALUES(83,14,'Matemática III',0,0.0,2);
INSERT INTO subjects_metadata VALUES(84,14,'Matemática IV',0,0.0,3);
INSERT INTO subjects_metadata VALUES(85,14,'Matemática V',0,0.0,4);
INSERT INTO subjects_metadata VALUES(86,14,'Matemática VI',0,0.0,5);
INSERT INTO subjects_metadata VALUES(87,14,'Metodología de la Investigación',0,0.0,6);
INSERT INTO subjects_metadata VALUES(88,14,'Paradigmas de la Programación',0,0.0,4);
INSERT INTO subjects_metadata VALUES(89,14,'Proyecto I',0,0.0,7);
INSERT INTO subjects_metadata VALUES(90,14,'Proyecto II',0,0.0,8);
INSERT INTO subjects_metadata VALUES(91,14,'Redes I',0,0.0,4);
INSERT INTO subjects_metadata VALUES(92,14,'Redes II',0,0.0,5);
INSERT INTO subjects_metadata VALUES(93,14,'Simulación',0,0.0,8);
INSERT INTO subjects_metadata VALUES(94,14,'Sistemas Operativos',0,0.0,3);
INSERT INTO subjects_metadata VALUES(95,15,'Administración I',0,0.0,1);
INSERT INTO subjects_metadata VALUES(96,15,'Administración II',0,0.0,2);
INSERT INTO subjects_metadata VALUES(97,15,'Administración III',0,0.0,3);
INSERT INTO subjects_metadata VALUES(98,15,'Administración IV',0,0.0,5);
INSERT INTO subjects_metadata VALUES(99,15,'Administración V',0,0.0,7);
INSERT INTO subjects_metadata VALUES(100,15,'Algorítmica I',0,0.0,1);
INSERT INTO subjects_metadata VALUES(101,15,'Algorítmica II',0,0.0,2);
INSERT INTO subjects_metadata VALUES(102,15,'Auditoría y Control de Calidad',0,0.0,8);
INSERT INTO subjects_metadata VALUES(103,15,'Base de Datos I',0,0.0,4);
INSERT INTO subjects_metadata VALUES(104,15,'Base de Datos II',0,0.0,5);
INSERT INTO subjects_metadata VALUES(105,15,'Bases de Datos III',0,0.0,6);
INSERT INTO subjects_metadata VALUES(106,15,'Compiladores y Lenguajes de Bajo Nivel',0,0.0,6);
INSERT INTO subjects_metadata VALUES(107,15,'Electiva I',0,0.0,8);
INSERT INTO subjects_metadata VALUES(108,15,'Estadística y Probabilidades',0,0.0,3);
INSERT INTO subjects_metadata VALUES(109,15,'Estructura de Datos',0,0.0,3);
INSERT INTO subjects_metadata VALUES(110,15,'Estructura de los Lenguajes',0,0.0,5);
INSERT INTO subjects_metadata VALUES(111,15,'Física',0,0.0,4);
INSERT INTO subjects_metadata VALUES(112,15,'Informática I',0,0.0,1);
INSERT INTO subjects_metadata VALUES(113,15,'Informática II',0,0.0,2);
INSERT INTO subjects_metadata VALUES(114,15,'Ingeniería de Software I',0,0.0,6);
INSERT INTO subjects_metadata VALUES(115,15,'Ingeniería de Software II',0,0.0,7);
INSERT INTO subjects_metadata VALUES(116,15,'Ingeniería de Software III',0,0.0,8);
INSERT INTO subjects_metadata VALUES(117,15,'Inglés Técnico',0,0.0,2);
INSERT INTO subjects_metadata VALUES(118,15,'Investigación Operativa I',0,0.0,6);
INSERT INTO subjects_metadata VALUES(119,15,'Investigación Operativa II',0,0.0,7);
INSERT INTO subjects_metadata VALUES(120,15,'Matemática I',0,0.0,1);
INSERT INTO subjects_metadata VALUES(121,15,'Matemática II',0,0.0,1);
INSERT INTO subjects_metadata VALUES(122,15,'Matemática III',0,0.0,2);
INSERT INTO subjects_metadata VALUES(123,15,'Matemática IV',0,0.0,3);
INSERT INTO subjects_metadata VALUES(124,15,'Matemática V',0,0.0,4);
INSERT INTO subjects_metadata VALUES(125,15,'Matemática VI',0,0.0,5);
INSERT INTO subjects_metadata VALUES(126,15,'Metodología de la Investigación',0,0.0,6);
INSERT INTO subjects_metadata VALUES(127,15,'Paradigmas de la Programación',0,0.0,4);
INSERT INTO subjects_metadata VALUES(128,15,'Programación de Aplicaciones en Redes',0,0.0,7);
INSERT INTO subjects_metadata VALUES(129,15,'Proyecto I',0,0.0,7);
INSERT INTO subjects_metadata VALUES(130,15,'Proyecto II',0,0.0,8);
INSERT INTO subjects_metadata VALUES(131,15,'Redes I',0,0.0,4);
INSERT INTO subjects_metadata VALUES(132,15,'Redes II',0,0.0,5);
INSERT INTO subjects_metadata VALUES(133,15,'Simulación',0,0.0,8);
INSERT INTO subjects_metadata VALUES(134,15,'Sistemas Operativos',0,0.0,3);
INSERT INTO subjects_metadata VALUES(135,18,'Aerodinámica I',0,0.0,6);
INSERT INTO subjects_metadata VALUES(136,18,'Aerodinámica II',0,0.0,7);
INSERT INTO subjects_metadata VALUES(137,18,'Aeronáutica General',0,0.0,1);
INSERT INTO subjects_metadata VALUES(138,18,'Algebra',0,0.0,1);
INSERT INTO subjects_metadata VALUES(139,18,'Algebra Lineal',0,0.0,2);
INSERT INTO subjects_metadata VALUES(140,18,'Algoritmo',0,0.0,2);
INSERT INTO subjects_metadata VALUES(141,18,'Cálculo I',0,0.0,1);
INSERT INTO subjects_metadata VALUES(142,18,'Cálculo II',0,0.0,2);
INSERT INTO subjects_metadata VALUES(143,18,'Cálculo III',0,0.0,3);
INSERT INTO subjects_metadata VALUES(144,18,'Cálculo IV (Cálculo Vectorial)',0,0.0,3);
INSERT INTO subjects_metadata VALUES(145,18,'Cálculo V (Variable Compleja)',0,0.0,4);
INSERT INTO subjects_metadata VALUES(146,18,'Cálculo VI (Transformadas de Laplace y Fourier)',0,0.0,5);
INSERT INTO subjects_metadata VALUES(147,18,'Caracterización de Materiales',0,0.0,5);
INSERT INTO subjects_metadata VALUES(148,18,'Ciencia y Tecnología del Medio Ambiente',0,0.0,1);
INSERT INTO subjects_metadata VALUES(149,18,'Circuitos Eléctricos I',0,0.0,3);
INSERT INTO subjects_metadata VALUES(150,18,'Circuitos Eléctricos II',0,0.0,4);
INSERT INTO subjects_metadata VALUES(151,18,'Construcción Aeronáutica y Mecánica',0,0.0,9);
INSERT INTO subjects_metadata VALUES(152,18,'Dibujo Técnico Mecánico',0,0.0,1);
INSERT INTO subjects_metadata VALUES(153,18,'Diseño y Manufactura Asistido por Computadora',0,0.0,4);
INSERT INTO subjects_metadata VALUES(154,18,'Economía y Finanzas',0,0.0,8);
INSERT INTO subjects_metadata VALUES(155,18,'Electrónica Aplicada',0,0.0,4);
INSERT INTO subjects_metadata VALUES(156,18,'Elementos de Máquinas',0,0.0,5);
INSERT INTO subjects_metadata VALUES(157,18,'Estructura Aeronáutica I',0,0.0,5);
INSERT INTO subjects_metadata VALUES(158,18,'Estructura Aeronáutica II',0,0.0,6);
INSERT INTO subjects_metadata VALUES(159,18,'Estructura Aeronáutica III',0,0.0,7);
INSERT INTO subjects_metadata VALUES(160,18,'Estructura Aeronáutica IV',0,0.0,8);
INSERT INTO subjects_metadata VALUES(161,18,'Física I',0,0.0,2);
INSERT INTO subjects_metadata VALUES(162,18,'Física II',0,0.0,2);
INSERT INTO subjects_metadata VALUES(163,18,'Física III',0,0.0,4);
INSERT INTO subjects_metadata VALUES(164,18,'Física IV',0,0.0,4);
INSERT INTO subjects_metadata VALUES(165,18,'Geometría Analítica y Vectores',0,0.0,1);
INSERT INTO subjects_metadata VALUES(166,18,'Gestión de Aeropuerto y Vuelo',0,0.0,10);
INSERT INTO subjects_metadata VALUES(167,18,'Gestión de Mantenimiento y Reparación I',0,0.0,9);
INSERT INTO subjects_metadata VALUES(168,18,'Gestión de Mantenimiento y Reparación II',0,0.0,10);
INSERT INTO subjects_metadata VALUES(169,18,'Inglés I',0,0.0,1);
INSERT INTO subjects_metadata VALUES(170,18,'Inglés II',0,0.0,2);
INSERT INTO subjects_metadata VALUES(171,18,'Inglés III',0,0.0,3);
INSERT INTO subjects_metadata VALUES(172,18,'Inglés IV',0,0.0,4);
INSERT INTO subjects_metadata VALUES(173,18,'Inglés V',0,0.0,5);
INSERT INTO subjects_metadata VALUES(174,18,'Inglés VI',0,0.0,6);
INSERT INTO subjects_metadata VALUES(175,18,'Introducción a la Ciencia de Materiales',0,0.0,3);
INSERT INTO subjects_metadata VALUES(176,18,'Máquinas Eléctricas',0,0.0,5);
INSERT INTO subjects_metadata VALUES(177,18,'Mecánica Clásica',0,0.0,4);
INSERT INTO subjects_metadata VALUES(178,18,'Mecánica de Fluidos I',0,0.0,5);
INSERT INTO subjects_metadata VALUES(179,18,'Mecánica de Fluidos II',0,0.0,6);
INSERT INTO subjects_metadata VALUES(180,18,'Mecánica de Materiales',0,0.0,3);
INSERT INTO subjects_metadata VALUES(181,18,'Motores I',0,0.0,7);
INSERT INTO subjects_metadata VALUES(182,18,'Motores II',0,0.0,8);
INSERT INTO subjects_metadata VALUES(183,18,'Navegación y Control',0,0.0,8);
INSERT INTO subjects_metadata VALUES(184,18,'Plan de Negocios',0,0.0,9);
INSERT INTO subjects_metadata VALUES(185,18,'Planeamiento y Control de la Producción',0,0.0,10);
INSERT INTO subjects_metadata VALUES(186,18,'Previsión y Seguridad en el Trabajo',0,0.0,1);
INSERT INTO subjects_metadata VALUES(187,18,'Principios de Electrónica',0,0.0,3);
INSERT INTO subjects_metadata VALUES(188,18,'Principios de Metrología Industrial',0,0.0,2);
INSERT INTO subjects_metadata VALUES(189,18,'Probabilidad y Estadística',0,0.0,4);
INSERT INTO subjects_metadata VALUES(190,18,'Programación',0,0.0,3);
INSERT INTO subjects_metadata VALUES(191,18,'Química',0,0.0,1);
INSERT INTO subjects_metadata VALUES(192,18,'Resistencia de Materiales',0,0.0,4);
INSERT INTO subjects_metadata VALUES(193,18,'Sistemas de Control I',0,0.0,6);
INSERT INTO subjects_metadata VALUES(194,18,'Sistemas de Control II',0,0.0,7);
INSERT INTO subjects_metadata VALUES(195,18,'Termodinámica de Materiales I',0,0.0,5);
INSERT INTO subjects_metadata VALUES(196,18,'Termodinámica de Materiales II',0,0.0,6);
INSERT INTO subjects_metadata VALUES(197,2,'Álgebra',0,0.0,1);
INSERT INTO subjects_metadata VALUES(198,2,'Cálculo I',0,0.0,1);
INSERT INTO subjects_metadata VALUES(199,2,'Cálculo II',0,0.0,2);
INSERT INTO subjects_metadata VALUES(200,2,'Cálculo III',0,0.0,3);
INSERT INTO subjects_metadata VALUES(201,2,'Cálculo IV (Cálculo Vectorial)',0,0.0,3);
INSERT INTO subjects_metadata VALUES(202,2,'Cálculo V (Variable Compleja)',0,0.0,4);
INSERT INTO subjects_metadata VALUES(203,2,'Cálculo VI (Transformadas de Laplace y Fourier)',0,0.0,5);
INSERT INTO subjects_metadata VALUES(204,2,'Circulación General de la Atmósfera',0,0.0,7);
INSERT INTO subjects_metadata VALUES(205,2,'Climatología I',0,0.0,4);
INSERT INTO subjects_metadata VALUES(206,2,'Climatología II',0,0.0,6);
INSERT INTO subjects_metadata VALUES(207,2,'Dinámica de la Atmósfera I',0,0.0,5);
INSERT INTO subjects_metadata VALUES(208,2,'Física de la Atmósfera I',0,0.0,4);
INSERT INTO subjects_metadata VALUES(209,2,'Física de la Atmósfera II',0,0.0,5);
INSERT INTO subjects_metadata VALUES(210,2,'Física I',0,0.0,2);
INSERT INTO subjects_metadata VALUES(211,2,'Física II',0,0.0,2);
INSERT INTO subjects_metadata VALUES(212,2,'Física III',0,0.0,3);
INSERT INTO subjects_metadata VALUES(213,2,'Física IV',0,0.0,3);
INSERT INTO subjects_metadata VALUES(214,2,'Física V (Electromagnetismo)',0,0.0,4);
INSERT INTO subjects_metadata VALUES(215,2,'Geometría Analítica y Vectores',0,0.0,1);
INSERT INTO subjects_metadata VALUES(216,2,'Instrumentos Meteorológicos y Métodos de Observación',0,0.0,2);
INSERT INTO subjects_metadata VALUES(217,2,'Introducción a las Ciencias Atmosféricas',0,0.0,1);
INSERT INTO subjects_metadata VALUES(218,2,'Laboratorio Sinóptico',0,0.0,7);
INSERT INTO subjects_metadata VALUES(219,2,'Mecánica de Fluidos',0,0.0,4);
INSERT INTO subjects_metadata VALUES(220,2,'Meteorología Sinóptica I',0,0.0,6);
INSERT INTO subjects_metadata VALUES(221,2,'Meteorología Tropical',0,0.0,8);
INSERT INTO subjects_metadata VALUES(222,2,'Métodos Estadísticos en Ciencias Atmosféricas',0,0.0,5);
INSERT INTO subjects_metadata VALUES(223,2,'Métodos Numéricos en Ciencias de la Atmósfera',0,0.0,6);
INSERT INTO subjects_metadata VALUES(224,2,'Micrometeorología',0,0.0,7);
INSERT INTO subjects_metadata VALUES(225,2,'Optativa 1',0,0.0,6);
INSERT INTO subjects_metadata VALUES(226,2,'Optativa 2',0,0.0,6);
INSERT INTO subjects_metadata VALUES(227,2,'Optativa 3',0,0.0,7);
INSERT INTO subjects_metadata VALUES(228,2,'Optativa 4',0,0.0,7);
INSERT INTO subjects_metadata VALUES(229,2,'Optativa 5',0,0.0,8);
INSERT INTO subjects_metadata VALUES(230,2,'Optativa 6',0,0.0,8);
INSERT INTO subjects_metadata VALUES(231,2,'Probabilidad y Estadística',0,0.0,3);
INSERT INTO subjects_metadata VALUES(232,2,'Programación',0,0.0,2);
INSERT INTO subjects_metadata VALUES(233,2,'Química',0,0.0,1);
INSERT INTO subjects_metadata VALUES(234,2,'Química de la Atmósfera',0,0.0,8);
INSERT INTO subjects_metadata VALUES(235,2,'Sensores Remotos',0,0.0,5);
INSERT INTO subjects_metadata VALUES(236,1,'Administración y Recursos Humanos',0,0.0,8);
INSERT INTO subjects_metadata VALUES(237,1,'Álgebra',0,0.0,1);
INSERT INTO subjects_metadata VALUES(238,1,'Cálculo Aplicado',0,0.0,4);
INSERT INTO subjects_metadata VALUES(239,1,'Cálculo I',0,0.0,1);
INSERT INTO subjects_metadata VALUES(240,1,'Cálculo II',0,0.0,2);
INSERT INTO subjects_metadata VALUES(241,1,'Cálculo III',0,0.0,3);
INSERT INTO subjects_metadata VALUES(242,1,'Cálculo IV (Cálculo Vectorial)',0,0.0,3);
INSERT INTO subjects_metadata VALUES(243,1,'Ciencia y Tecnología del Medio Ambiente',0,0.0,2);
INSERT INTO subjects_metadata VALUES(244,1,'Circuitos Eléctricos I',0,0.0,4);
INSERT INTO subjects_metadata VALUES(245,1,'Circuitos Eléctricos II',0,0.0,5);
INSERT INTO subjects_metadata VALUES(246,1,'Conversión de Energía Eléctrica I',0,0.0,4);
INSERT INTO subjects_metadata VALUES(247,1,'Conversión de Energía Eléctrica II',0,0.0,5);
INSERT INTO subjects_metadata VALUES(248,1,'Dibujo Técnico',0,0.0,1);
INSERT INTO subjects_metadata VALUES(249,1,'Diseño Asistido por Computadora',0,0.0,2);
INSERT INTO subjects_metadata VALUES(250,1,'Distribución de Energía Eléctrica',0,0.0,7);
INSERT INTO subjects_metadata VALUES(251,1,'Electricidad de Potencia',0,0.0,8);
INSERT INTO subjects_metadata VALUES(252,1,'Electricidad Industrial',0,0.0,7);
INSERT INTO subjects_metadata VALUES(253,1,'Electrónica Digital',0,0.0,6);
INSERT INTO subjects_metadata VALUES(254,1,'Electrónica Industrial',0,0.0,8);
INSERT INTO subjects_metadata VALUES(255,1,'Electrotecnia I',0,0.0,2);
INSERT INTO subjects_metadata VALUES(256,1,'Electrotecnia II',0,0.0,3);
INSERT INTO subjects_metadata VALUES(257,1,'Emprendedorismo',0,0.0,2);
INSERT INTO subjects_metadata VALUES(258,1,'Física I',0,0.0,1);
INSERT INTO subjects_metadata VALUES(259,1,'Física II',0,0.0,2);
INSERT INTO subjects_metadata VALUES(260,1,'Fuentes Alternativas de Energía',0,0.0,7);
INSERT INTO subjects_metadata VALUES(261,1,'Geometría Analítica y Vectores',0,0.0,1);
INSERT INTO subjects_metadata VALUES(262,1,'Instalaciones Eléctricas I',0,0.0,4);
INSERT INTO subjects_metadata VALUES(263,1,'Instalaciones Eléctricas II',0,0.0,5);
INSERT INTO subjects_metadata VALUES(264,1,'Instalaciones Eléctricas III',0,0.0,6);
INSERT INTO subjects_metadata VALUES(265,1,'Introducción a la Automatización Industrial',0,0.0,7);
INSERT INTO subjects_metadata VALUES(266,1,'Introducción a la Electrónica',0,0.0,5);
INSERT INTO subjects_metadata VALUES(267,1,'Introducción al Control Automático Industrial',0,0.0,7);
INSERT INTO subjects_metadata VALUES(268,1,'Laboratorio de Automatización Industrial',0,0.0,8);
INSERT INTO subjects_metadata VALUES(269,1,'Laboratorio de Circuitos Eléctricos',0,0.0,5);
INSERT INTO subjects_metadata VALUES(270,1,'Laboratorio de Conversión de Energía Eléctrica',0,0.0,6);
INSERT INTO subjects_metadata VALUES(271,1,'Laboratorio de Electrotecnia',0,0.0,3);
INSERT INTO subjects_metadata VALUES(272,1,'Mantenimiento Industrial',0,0.0,8);
INSERT INTO subjects_metadata VALUES(273,1,'Mecánica de los Fluidos',0,0.0,4);
INSERT INTO subjects_metadata VALUES(274,1,'Medición de la Energía Eléctrica',0,0.0,6);
INSERT INTO subjects_metadata VALUES(275,1,'Normalización y Calidad Industrial',0,0.0,8);
INSERT INTO subjects_metadata VALUES(276,1,'Previsión y Seguridad en el Trabajo',0,0.0,3);
INSERT INTO subjects_metadata VALUES(277,1,'Protección y Control de Motores Eléctricos',0,0.0,6);
INSERT INTO subjects_metadata VALUES(278,1,'Sistemas Neumáticos e Hidráulicos',0,0.0,7);
INSERT INTO subjects_metadata VALUES(279,1,'Termodinámica',0,0.0,3);
INSERT INTO subjects_metadata VALUES(280,2,'Trabajo de Grado',0,0.0,8);
INSERT INTO subjects_metadata VALUES(281,3,'Contabilidad I',0,0.0,1);
INSERT INTO subjects_metadata VALUES(282,3,'Desarrollo del Emprendedorismo',0,0.0,1);
INSERT INTO subjects_metadata VALUES(283,3,'Economía I',0,0.0,1);
INSERT INTO subjects_metadata VALUES(284,3,'Expresión Oral y Escrita',0,0.0,1);
INSERT INTO subjects_metadata VALUES(285,3,'Matemáticas Financieras',0,0.0,1);
INSERT INTO subjects_metadata VALUES(286,3,'Sicología',0,0.0,1);
INSERT INTO subjects_metadata VALUES(287,3,'Contabilidad II',0,0.0,2);
INSERT INTO subjects_metadata VALUES(288,3,'Economía II',0,0.0,2);
INSERT INTO subjects_metadata VALUES(289,3,'Estadística',0,0.0,2);
INSERT INTO subjects_metadata VALUES(290,3,'Metodología de Estudio',0,0.0,2);
INSERT INTO subjects_metadata VALUES(291,3,'Sociología',0,0.0,2);
INSERT INTO subjects_metadata VALUES(292,3,'Alimentos y Bebidas I',0,0.0,3);
INSERT INTO subjects_metadata VALUES(293,3,'Gestión de Recursos Humanos',0,0.0,3);
INSERT INTO subjects_metadata VALUES(294,3,'Hotel I',0,0.0,3);
INSERT INTO subjects_metadata VALUES(295,3,'Metodología de la Investigación',0,0.0,3);
INSERT INTO subjects_metadata VALUES(296,3,'Sanidad Alimentaria',0,0.0,3);
INSERT INTO subjects_metadata VALUES(297,3,'Alimentos y Bebidas II',0,0.0,4);
INSERT INTO subjects_metadata VALUES(298,3,'Ecología I',0,0.0,4);
INSERT INTO subjects_metadata VALUES(299,3,'Hotel II',0,0.0,4);
INSERT INTO subjects_metadata VALUES(300,3,'Marketing',0,0.0,4);
INSERT INTO subjects_metadata VALUES(301,3,'Transporte',0,0.0,4);
INSERT INTO subjects_metadata VALUES(302,3,'Alimentos y Bebidas III',0,0.0,5);
INSERT INTO subjects_metadata VALUES(303,3,'Gastronomía I',0,0.0,5);
INSERT INTO subjects_metadata VALUES(304,3,'Hotel III',0,0.0,5);
INSERT INTO subjects_metadata VALUES(305,3,'Nutrición',0,0.0,5);
INSERT INTO subjects_metadata VALUES(306,3,'Turismo I',0,0.0,5);
INSERT INTO subjects_metadata VALUES(307,3,'Alimentos y Bebidas IV',0,0.0,6);
INSERT INTO subjects_metadata VALUES(308,3,'Gastronomía II',0,0.0,6);
INSERT INTO subjects_metadata VALUES(309,3,'Hotel IV',0,0.0,6);
INSERT INTO subjects_metadata VALUES(310,3,'Química de los Alimentos',0,0.0,6);
INSERT INTO subjects_metadata VALUES(311,3,'Turismo II',0,0.0,6);
INSERT INTO subjects_metadata VALUES(312,3,'Alimentos y Bebidas V',0,0.0,7);
INSERT INTO subjects_metadata VALUES(313,3,'Computación',0,0.0,7);
INSERT INTO subjects_metadata VALUES(314,3,'Enología',0,0.0,7);
INSERT INTO subjects_metadata VALUES(315,3,'Gastronomía III',0,0.0,7);
INSERT INTO subjects_metadata VALUES(316,3,'Plan de Negocios',0,0.0,7);
INSERT INTO subjects_metadata VALUES(317,3,'Alimentos y Bebidas VI',0,0.0,8);
INSERT INTO subjects_metadata VALUES(318,3,'Gastronomía IV',0,0.0,8);
INSERT INTO subjects_metadata VALUES(319,3,'Leyes',0,0.0,8);
INSERT INTO subjects_metadata VALUES(320,3,'Mixología',0,0.0,8);
INSERT INTO subjects_metadata VALUES(321,3,'Organización de Banquetes y Recepciones',0,0.0,8);
INSERT INTO subjects_metadata VALUES(322,4,'Contabilidad I',0,0.0,1);
INSERT INTO subjects_metadata VALUES(323,4,'Desarrollo del Emprendedorismo',0,0.0,1);
INSERT INTO subjects_metadata VALUES(324,4,'Economía I',0,0.0,1);
INSERT INTO subjects_metadata VALUES(325,4,'Expresión Oral y Escrita',0,0.0,1);
INSERT INTO subjects_metadata VALUES(326,4,'Matemáticas Financieras',0,0.0,1);
INSERT INTO subjects_metadata VALUES(327,4,'Sicología',0,0.0,1);
INSERT INTO subjects_metadata VALUES(328,4,'Contabilidad II',0,0.0,2);
INSERT INTO subjects_metadata VALUES(329,4,'Economía II',0,0.0,2);
INSERT INTO subjects_metadata VALUES(330,4,'Estadística',0,0.0,2);
INSERT INTO subjects_metadata VALUES(331,4,'Metodología de Estudio',0,0.0,2);
INSERT INTO subjects_metadata VALUES(332,4,'Sociología',0,0.0,2);
INSERT INTO subjects_metadata VALUES(333,4,'Alimentos y Bebidas I',0,0.0,3);
INSERT INTO subjects_metadata VALUES(334,4,'Gestión de Recursos Humanos',0,0.0,3);
INSERT INTO subjects_metadata VALUES(335,4,'Hotel I',0,0.0,3);
INSERT INTO subjects_metadata VALUES(336,4,'Metodología de la Investigación',0,0.0,3);
INSERT INTO subjects_metadata VALUES(337,4,'Sanidad Alimentaria',0,0.0,3);
INSERT INTO subjects_metadata VALUES(338,4,'Alimentos y Bebidas II',0,0.0,4);
INSERT INTO subjects_metadata VALUES(339,4,'Ecología I',0,0.0,4);
INSERT INTO subjects_metadata VALUES(340,4,'Hotel II',0,0.0,4);
INSERT INTO subjects_metadata VALUES(341,4,'Marketing',0,0.0,4);
INSERT INTO subjects_metadata VALUES(342,4,'Transporte',0,0.0,4);
INSERT INTO subjects_metadata VALUES(343,4,'Alimentos y Bebidas III',0,0.0,5);
INSERT INTO subjects_metadata VALUES(344,4,'Gastronomía I',0,0.0,5);
INSERT INTO subjects_metadata VALUES(345,4,'Hotel III',0,0.0,5);
INSERT INTO subjects_metadata VALUES(346,4,'Nutrición',0,0.0,5);
INSERT INTO subjects_metadata VALUES(347,4,'Turismo I',0,0.0,5);
INSERT INTO subjects_metadata VALUES(348,4,'Alimentos y Bebidas IV',0,0.0,6);
INSERT INTO subjects_metadata VALUES(349,4,'Gastronomía II',0,0.0,6);
INSERT INTO subjects_metadata VALUES(350,4,'Hotel IV',0,0.0,6);
INSERT INTO subjects_metadata VALUES(351,4,'Química de los Alimentos',0,0.0,6);
INSERT INTO subjects_metadata VALUES(352,4,'Turismo II',0,0.0,6);
INSERT INTO subjects_metadata VALUES(353,4,'Alimentos y Bebidas V',0,0.0,7);
INSERT INTO subjects_metadata VALUES(354,4,'Computación',0,0.0,7);
INSERT INTO subjects_metadata VALUES(355,4,'Gestión y Auditoría',0,0.0,7);
INSERT INTO subjects_metadata VALUES(356,4,'Hotel V',0,0.0,7);
INSERT INTO subjects_metadata VALUES(357,4,'Plan de Negocios',0,0.0,7);
INSERT INTO subjects_metadata VALUES(358,4,'Sociología Paraguaya',0,0.0,7);
INSERT INTO subjects_metadata VALUES(359,4,'Dirección Estratégica',0,0.0,8);
INSERT INTO subjects_metadata VALUES(360,4,'Alimentos y Bebidas VI',0,0.0,8);
INSERT INTO subjects_metadata VALUES(361,4,'Ecología II',0,0.0,8);
INSERT INTO subjects_metadata VALUES(362,4,'Hotel VI',0,0.0,8);
INSERT INTO subjects_metadata VALUES(363,4,'Leyes',0,0.0,8);
INSERT INTO subjects_metadata VALUES(364,5,'Contabilidad I',0,0.0,1);
INSERT INTO subjects_metadata VALUES(365,5,'Desarrollo del Emprendedorismo',0,0.0,1);
INSERT INTO subjects_metadata VALUES(366,5,'Economía I',0,0.0,1);
INSERT INTO subjects_metadata VALUES(367,5,'Expresión Oral y Escrita',0,0.0,1);
INSERT INTO subjects_metadata VALUES(368,5,'Matemáticas Financieras',0,0.0,1);
INSERT INTO subjects_metadata VALUES(369,5,'Sicología',0,0.0,1);
INSERT INTO subjects_metadata VALUES(370,5,'Contabilidad II',0,0.0,2);
INSERT INTO subjects_metadata VALUES(371,5,'Economía II',0,0.0,2);
INSERT INTO subjects_metadata VALUES(372,5,'Estadística',0,0.0,2);
INSERT INTO subjects_metadata VALUES(373,5,'Metodología de Estudio',0,0.0,2);
INSERT INTO subjects_metadata VALUES(374,5,'Sociología',0,0.0,2);
INSERT INTO subjects_metadata VALUES(375,5,'Alimentos y Bebidas I',0,0.0,3);
INSERT INTO subjects_metadata VALUES(376,5,'Gestión de Recursos Humanos',0,0.0,3);
INSERT INTO subjects_metadata VALUES(377,5,'Hotel I',0,0.0,3);
INSERT INTO subjects_metadata VALUES(378,5,'Metodología de la Investigación',0,0.0,3);
INSERT INTO subjects_metadata VALUES(379,5,'Sanidad Alimentaria',0,0.0,3);
INSERT INTO subjects_metadata VALUES(380,5,'Alimentos y Bebidas II',0,0.0,4);
INSERT INTO subjects_metadata VALUES(381,5,'Ecología I',0,0.0,4);
INSERT INTO subjects_metadata VALUES(382,5,'Hotel II',0,0.0,4);
INSERT INTO subjects_metadata VALUES(383,5,'Marketing',0,0.0,4);
INSERT INTO subjects_metadata VALUES(384,5,'Transporte',0,0.0,4);
INSERT INTO subjects_metadata VALUES(385,5,'Alimentos y Bebidas III',0,0.0,5);
INSERT INTO subjects_metadata VALUES(386,5,'Gastronomía I',0,0.0,5);
INSERT INTO subjects_metadata VALUES(387,5,'Hotel III',0,0.0,5);
INSERT INTO subjects_metadata VALUES(388,5,'Nutrición',0,0.0,5);
INSERT INTO subjects_metadata VALUES(389,5,'Turismo I',0,0.0,5);
INSERT INTO subjects_metadata VALUES(390,5,'Alimentos y Bebidas IV',0,0.0,6);
INSERT INTO subjects_metadata VALUES(391,5,'Gastronomía II',0,0.0,6);
INSERT INTO subjects_metadata VALUES(392,5,'Hotel IV',0,0.0,6);
INSERT INTO subjects_metadata VALUES(393,5,'Química de los Alimentos',0,0.0,6);
INSERT INTO subjects_metadata VALUES(394,5,'Turismo II',0,0.0,6);
INSERT INTO subjects_metadata VALUES(395,5,'Computación',0,0.0,7);
INSERT INTO subjects_metadata VALUES(396,5,'Geografía Turística Latinoamericana',0,0.0,7);
INSERT INTO subjects_metadata VALUES(397,5,'Gestión y Auditoría',0,0.0,7);
INSERT INTO subjects_metadata VALUES(398,5,'Plan de Negocios',0,0.0,7);
INSERT INTO subjects_metadata VALUES(399,5,'Sociología Paraguaya',0,0.0,7);
INSERT INTO subjects_metadata VALUES(400,5,'Turismo III',0,0.0,7);
INSERT INTO subjects_metadata VALUES(401,5,'Ecología II',0,0.0,8);
INSERT INTO subjects_metadata VALUES(402,5,'Geografía Turística del Mundo',0,0.0,8);
INSERT INTO subjects_metadata VALUES(403,5,'Leyes',0,0.0,8);
INSERT INTO subjects_metadata VALUES(404,5,'Turismo IV',0,0.0,8);
INSERT INTO subjects_metadata VALUES(405,5,'Dirección Estratégica',0,0.0,8);
INSERT INTO subjects_metadata VALUES(406,3,'Gestión y Auditoría',0,0.0,7);
INSERT INTO subjects_metadata VALUES(407,11,'Álgebra',0,0.0,1);
INSERT INTO subjects_metadata VALUES(408,11,'Cálculo I',0,0.0,1);
INSERT INTO subjects_metadata VALUES(409,11,'Comunicación Oral y Escrita',0,0.0,1);
INSERT INTO subjects_metadata VALUES(410,11,'Desarrollo del Emprendedorismo',0,0.0,1);
INSERT INTO subjects_metadata VALUES(411,11,'Geometría Analítica y Vectores',0,0.0,1);
INSERT INTO subjects_metadata VALUES(412,11,'Idioma I',0,0.0,1);
INSERT INTO subjects_metadata VALUES(413,11,'Informática Aplicada',0,0.0,1);
INSERT INTO subjects_metadata VALUES(414,11,'Dibujo Técnico',0,0.0,2);
INSERT INTO subjects_metadata VALUES(415,11,'Química',0,0.0,2);
INSERT INTO subjects_metadata VALUES(416,11,'Cálculo II',0,0.0,2);
INSERT INTO subjects_metadata VALUES(417,11,'Física I',0,0.0,2);
INSERT INTO subjects_metadata VALUES(418,11,'Física II',0,0.0,2);
INSERT INTO subjects_metadata VALUES(419,11,'Idioma II',0,0.0,2);
INSERT INTO subjects_metadata VALUES(420,11,'Diseño Asistido por Computadora',0,0.0,3);
INSERT INTO subjects_metadata VALUES(421,11,'Cálculo III',0,0.0,3);
INSERT INTO subjects_metadata VALUES(422,11,'Cálculo IV (Cálculo Vectorial)',0,0.0,3);
INSERT INTO subjects_metadata VALUES(423,11,'Circuitos Eléctricos I',0,0.0,3);
INSERT INTO subjects_metadata VALUES(424,11,'Física III',0,0.0,3);
INSERT INTO subjects_metadata VALUES(425,11,'Principios de Electrónica',0,0.0,3);
INSERT INTO subjects_metadata VALUES(426,11,'Cálculo V (Variable Compleja)',0,0.0,4);
INSERT INTO subjects_metadata VALUES(427,11,'Circuitos Eléctricos II',0,0.0,4);
INSERT INTO subjects_metadata VALUES(428,11,'Electrónica I',0,0.0,4);
INSERT INTO subjects_metadata VALUES(429,11,'Física IV',0,0.0,4);
INSERT INTO subjects_metadata VALUES(430,11,'Física V',0,0.0,4);
INSERT INTO subjects_metadata VALUES(431,11,'Algoritmo',0,0.0,5);
INSERT INTO subjects_metadata VALUES(432,11,'Cálculo VI (Transformadas de Laplace y Fourier)',0,0.0,5);
INSERT INTO subjects_metadata VALUES(433,11,'Electrónica Digital I',0,0.0,5);
INSERT INTO subjects_metadata VALUES(434,11,'Electrónica II',0,0.0,5);
INSERT INTO subjects_metadata VALUES(435,11,'Estadística',0,0.0,5);
INSERT INTO subjects_metadata VALUES(436,11,'Física VI',0,0.0,5);
INSERT INTO subjects_metadata VALUES(437,11,'Electrónica Digital II',0,0.0,6);
INSERT INTO subjects_metadata VALUES(438,11,'Electrónica III',0,0.0,6);
INSERT INTO subjects_metadata VALUES(439,11,'Física VII',0,0.0,6);
INSERT INTO subjects_metadata VALUES(440,11,'Metodología de la Investigación',0,0.0,6);
INSERT INTO subjects_metadata VALUES(441,11,'Programación',0,0.0,6);
INSERT INTO subjects_metadata VALUES(442,11,'Sistemas de Control I',0,0.0,6);
INSERT INTO subjects_metadata VALUES(443,11,'Automatización Industrial',0,0.0,7);
INSERT INTO subjects_metadata VALUES(444,11,'Controladores Programables I',0,0.0,7);
INSERT INTO subjects_metadata VALUES(445,11,'Principios de Sensores y Actuadores',0,0.0,7);
INSERT INTO subjects_metadata VALUES(446,11,'Sistemas de Control II',0,0.0,7);
INSERT INTO subjects_metadata VALUES(447,11,'Sistemas Digitales I',0,0.0,7);
INSERT INTO subjects_metadata VALUES(448,11,'Sistemas Operativos de Microcomputadoras',0,0.0,7);
INSERT INTO subjects_metadata VALUES(449,11,'Controladores Programables II',0,0.0,8);
INSERT INTO subjects_metadata VALUES(450,11,'Instalaciones Eléctricas I',0,0.0,8);
INSERT INTO subjects_metadata VALUES(451,11,'Instrumentación y Control Industrial',0,0.0,8);
INSERT INTO subjects_metadata VALUES(452,11,'Neumática e Hidráulica Industrial',0,0.0,8);
INSERT INTO subjects_metadata VALUES(453,11,'Sistemas de Potencia I',0,0.0,8);
INSERT INTO subjects_metadata VALUES(454,11,'Sistemas Digitales II',0,0.0,8);
INSERT INTO subjects_metadata VALUES(455,11,'Anteproyecto de Trabajo de Grado',0,0.0,9);
INSERT INTO subjects_metadata VALUES(456,11,'Arquitectura de Microcomputadoras',0,0.0,9);
INSERT INTO subjects_metadata VALUES(457,11,'Comunicaciones Opticas',0,0.0,9);
INSERT INTO subjects_metadata VALUES(458,11,'Derecho',0,0.0,9);
INSERT INTO subjects_metadata VALUES(459,11,'Instalaciones Eléctricas II',0,0.0,9);
INSERT INTO subjects_metadata VALUES(460,11,'Sistemas Informáticos para Automatización y Control Industrial',0,0.0,9);
INSERT INTO subjects_metadata VALUES(461,11,'Administración y Recursos Humanos',0,0.0,10);
INSERT INTO subjects_metadata VALUES(462,11,'Economía y Finanzas',0,0.0,10);
INSERT INTO subjects_metadata VALUES(463,11,'Evaluación de Proyectos',0,0.0,10);
INSERT INTO subjects_metadata VALUES(464,11,'Proyecto de Trabajo de Grado',0,0.0,10);
INSERT INTO subjects_metadata VALUES(465,9,'Álgebra',0,0.0,1);
INSERT INTO subjects_metadata VALUES(466,9,'Cálculo I',0,0.0,1);
INSERT INTO subjects_metadata VALUES(467,9,'Comunicación Oral y Escrita',0,0.0,1);
INSERT INTO subjects_metadata VALUES(468,9,'Desarrollo del Emprendedorismo',0,0.0,1);
INSERT INTO subjects_metadata VALUES(469,9,'Geometría Analítica y Vectores',0,0.0,1);
INSERT INTO subjects_metadata VALUES(470,9,'Idioma I',0,0.0,1);
INSERT INTO subjects_metadata VALUES(471,9,'Informática Aplicada',0,0.0,1);
INSERT INTO subjects_metadata VALUES(472,9,'Dibujo Técnico',0,0.0,2);
INSERT INTO subjects_metadata VALUES(473,9,'Química',0,0.0,2);
INSERT INTO subjects_metadata VALUES(474,9,'Cálculo II',0,0.0,2);
INSERT INTO subjects_metadata VALUES(475,9,'Física I',0,0.0,2);
INSERT INTO subjects_metadata VALUES(476,9,'Física II',0,0.0,2);
INSERT INTO subjects_metadata VALUES(477,9,'Idioma II',0,0.0,2);
INSERT INTO subjects_metadata VALUES(478,9,'Diseño Asistido por Computadora',0,0.0,3);
INSERT INTO subjects_metadata VALUES(479,9,'Cálculo III',0,0.0,3);
INSERT INTO subjects_metadata VALUES(480,9,'Cálculo IV (Cálculo Vectorial)',0,0.0,3);
INSERT INTO subjects_metadata VALUES(481,9,'Circuitos Eléctricos I',0,0.0,3);
INSERT INTO subjects_metadata VALUES(482,9,'Física III',0,0.0,3);
INSERT INTO subjects_metadata VALUES(483,9,'Principios de Electrónica',0,0.0,3);
INSERT INTO subjects_metadata VALUES(484,9,'Cálculo V (Variable Compleja)',0,0.0,4);
INSERT INTO subjects_metadata VALUES(485,9,'Circuitos Eléctricos II',0,0.0,4);
INSERT INTO subjects_metadata VALUES(486,9,'Electrónica I',0,0.0,4);
INSERT INTO subjects_metadata VALUES(487,9,'Física IV',0,0.0,4);
INSERT INTO subjects_metadata VALUES(488,9,'Física V',0,0.0,4);
INSERT INTO subjects_metadata VALUES(489,9,'Algoritmo',0,0.0,5);
INSERT INTO subjects_metadata VALUES(490,9,'Cálculo VI (Transformadas de Laplace y Fourier)',0,0.0,5);
INSERT INTO subjects_metadata VALUES(491,9,'Electrónica Digital I',0,0.0,5);
INSERT INTO subjects_metadata VALUES(492,9,'Electrónica II',0,0.0,5);
INSERT INTO subjects_metadata VALUES(493,9,'Estadística',0,0.0,5);
INSERT INTO subjects_metadata VALUES(494,9,'Física VI',0,0.0,5);
INSERT INTO subjects_metadata VALUES(495,9,'Biología I',0,0.0,6);
INSERT INTO subjects_metadata VALUES(496,9,'Electrónica Digital II',0,0.0,6);
INSERT INTO subjects_metadata VALUES(497,9,'Electrónica III',0,0.0,6);
INSERT INTO subjects_metadata VALUES(498,9,'Física VII',0,0.0,6);
INSERT INTO subjects_metadata VALUES(499,9,'Metodología de la Investigación',0,0.0,6);
INSERT INTO subjects_metadata VALUES(500,9,'Programación',0,0.0,6);
INSERT INTO subjects_metadata VALUES(501,9,'Sistemas de Control I',0,0.0,6);
INSERT INTO subjects_metadata VALUES(502,9,'Biología II',0,0.0,7);
INSERT INTO subjects_metadata VALUES(503,9,'Electrónica Médica I',0,0.0,7);
INSERT INTO subjects_metadata VALUES(504,9,'Mecánica',0,0.0,7);
INSERT INTO subjects_metadata VALUES(505,9,'Reología',0,0.0,7);
INSERT INTO subjects_metadata VALUES(506,9,'Sistemas de Control II',0,0.0,7);
INSERT INTO subjects_metadata VALUES(507,9,'Sistemas Digitales I',0,0.0,7);
INSERT INTO subjects_metadata VALUES(508,9,'Bioseguridad',0,0.0,8);
INSERT INTO subjects_metadata VALUES(509,9,'Electrónica Médica II',0,0.0,8);
INSERT INTO subjects_metadata VALUES(510,9,'Optica',0,0.0,8);
INSERT INTO subjects_metadata VALUES(511,9,'Química Clínica y Técnica de Laboratorio',0,0.0,8);
INSERT INTO subjects_metadata VALUES(512,9,'Sistemas Digitales II',0,0.0,8);
INSERT INTO subjects_metadata VALUES(513,9,'Anteproyecto de Trabajo de Grado',0,0.0,9);
INSERT INTO subjects_metadata VALUES(514,9,'Arquitectura de Microcomputadoras',0,0.0,9);
INSERT INTO subjects_metadata VALUES(515,9,'Derecho',0,0.0,9);
INSERT INTO subjects_metadata VALUES(516,9,'Diagnóstico por imágenes',0,0.0,9);
INSERT INTO subjects_metadata VALUES(517,9,'Electrónica Médica III',0,0.0,9);
INSERT INTO subjects_metadata VALUES(518,9,'Organización Hospitalaria',0,0.0,9);
INSERT INTO subjects_metadata VALUES(519,9,'Administración y Recursos Humanos',0,0.0,10);
INSERT INTO subjects_metadata VALUES(520,9,'Economía y Finanzas',0,0.0,10);
INSERT INTO subjects_metadata VALUES(521,9,'Evaluación de Proyectos',0,0.0,10);
INSERT INTO subjects_metadata VALUES(522,9,'Proyecto de Trabajo de Grado',0,0.0,10);
INSERT INTO subjects_metadata VALUES(523,12,'Álgebra',0,0.0,1);
INSERT INTO subjects_metadata VALUES(524,12,'Cálculo I',0,0.0,1);
INSERT INTO subjects_metadata VALUES(525,12,'Comunicación Oral y Escrita',0,0.0,1);
INSERT INTO subjects_metadata VALUES(526,12,'Desarrollo del Emprendedorismo',0,0.0,1);
INSERT INTO subjects_metadata VALUES(527,12,'Geometría Analítica y Vectores',0,0.0,1);
INSERT INTO subjects_metadata VALUES(528,12,'Idioma I',0,0.0,1);
INSERT INTO subjects_metadata VALUES(529,12,'Informática Aplicada',0,0.0,1);
INSERT INTO subjects_metadata VALUES(530,12,'Dibujo Técnico',0,0.0,2);
INSERT INTO subjects_metadata VALUES(531,12,'Química',0,0.0,2);
INSERT INTO subjects_metadata VALUES(532,12,'Cálculo II',0,0.0,2);
INSERT INTO subjects_metadata VALUES(533,12,'Física I',0,0.0,2);
INSERT INTO subjects_metadata VALUES(534,12,'Física II',0,0.0,2);
INSERT INTO subjects_metadata VALUES(535,12,'Idioma II',0,0.0,2);
INSERT INTO subjects_metadata VALUES(536,12,'Diseño Asistido por Computadora',0,0.0,3);
INSERT INTO subjects_metadata VALUES(537,12,'Cálculo III',0,0.0,3);
INSERT INTO subjects_metadata VALUES(538,12,'Cálculo IV (Cálculo Vectorial)',0,0.0,3);
INSERT INTO subjects_metadata VALUES(539,12,'Circuitos Eléctricos I',0,0.0,3);
INSERT INTO subjects_metadata VALUES(540,12,'Física III',0,0.0,3);
INSERT INTO subjects_metadata VALUES(541,12,'Principios de Electrónica',0,0.0,3);
INSERT INTO subjects_metadata VALUES(542,12,'Cálculo V (Variable Compleja)',0,0.0,4);
INSERT INTO subjects_metadata VALUES(543,12,'Circuitos Eléctricos II',0,0.0,4);
INSERT INTO subjects_metadata VALUES(544,12,'Electrónica I',0,0.0,4);
INSERT INTO subjects_metadata VALUES(545,12,'Física IV',0,0.0,4);
INSERT INTO subjects_metadata VALUES(546,12,'Física V',0,0.0,4);
INSERT INTO subjects_metadata VALUES(547,12,'Algoritmo',0,0.0,5);
INSERT INTO subjects_metadata VALUES(548,12,'Cálculo VI (Transformadas de Laplace y Fourier)',0,0.0,5);
INSERT INTO subjects_metadata VALUES(549,12,'Dibujo Técnico Mecánico',0,0.0,5);
INSERT INTO subjects_metadata VALUES(550,12,'Electrónica Aplicada',0,0.0,5);
INSERT INTO subjects_metadata VALUES(551,12,'Estadística',0,0.0,5);
INSERT INTO subjects_metadata VALUES(552,12,'Física VI',0,0.0,5);
INSERT INTO subjects_metadata VALUES(553,12,'Electrónica Digital',0,0.0,6);
INSERT INTO subjects_metadata VALUES(554,12,'Máquinas Eléctricas',0,0.0,6);
INSERT INTO subjects_metadata VALUES(555,12,'Mecánica de Fluidos',0,0.0,6);
INSERT INTO subjects_metadata VALUES(556,12,'Metodología de la Investigación',0,0.0,6);
INSERT INTO subjects_metadata VALUES(557,12,'Principios de Metrología Industrial',0,0.0,6);
INSERT INTO subjects_metadata VALUES(558,12,'Programación',0,0.0,6);
INSERT INTO subjects_metadata VALUES(559,12,'Control Automático I',0,0.0,7);
INSERT INTO subjects_metadata VALUES(560,12,'Diseño de Elementos de Máquinas',0,0.0,7);
INSERT INTO subjects_metadata VALUES(561,12,'Elementos de Máquinas',0,0.0,7);
INSERT INTO subjects_metadata VALUES(562,12,'Métodos de los Elementos Finitos',0,0.0,7);
INSERT INTO subjects_metadata VALUES(563,12,'Microcontroladores',0,0.0,7);
INSERT INTO subjects_metadata VALUES(564,12,'Modelado de Sistemas Físicos',0,0.0,7);
INSERT INTO subjects_metadata VALUES(565,12,'Control Automático II',0,0.0,8);
INSERT INTO subjects_metadata VALUES(566,12,'Diseño y Manufactura Asistido por Computadora',0,0.0,8);
INSERT INTO subjects_metadata VALUES(567,12,'Manufactura con Máquinas Convencionales',0,0.0,8);
INSERT INTO subjects_metadata VALUES(568,12,'Máquinas a Control Numérico Computarizado',0,0.0,8);
INSERT INTO subjects_metadata VALUES(569,12,'Proyectos de Sistemas Mecatrónicos I',0,0.0,8);
INSERT INTO subjects_metadata VALUES(570,12,'Robótica',0,0.0,8);
INSERT INTO subjects_metadata VALUES(571,12,'Control Avanzado',0,0.0,9);
INSERT INTO subjects_metadata VALUES(572,12,'Derecho',0,0.0,9);
INSERT INTO subjects_metadata VALUES(573,12,'Inteligencia Artificial',0,0.0,9);
INSERT INTO subjects_metadata VALUES(574,12,'Proyecto de Sistemas Mecatrónicos II',0,0.0,9);
INSERT INTO subjects_metadata VALUES(575,12,'Simulación de Sistemas Dinámicos',0,0.0,9);
INSERT INTO subjects_metadata VALUES(576,12,'Sistema de Manufactura Flexible',0,0.0,9);
INSERT INTO subjects_metadata VALUES(577,12,'Economía y Finanzas',0,0.0,10);
INSERT INTO subjects_metadata VALUES(578,12,'Ingeniería de Materiales',0,0.0,10);
INSERT INTO subjects_metadata VALUES(579,12,'Planeamiento y Control de la Producción',0,0.0,10);
INSERT INTO subjects_metadata VALUES(580,12,'Proyecto de Trabajo de Grado',0,0.0,10);
INSERT INTO subjects_metadata VALUES(581,12,'Sistema de Mejoramiento Ambiental',0,0.0,10);
INSERT INTO subjects_metadata VALUES(582,10,'Álgebra',0,0.0,1);
INSERT INTO subjects_metadata VALUES(583,10,'Cálculo I',0,0.0,1);
INSERT INTO subjects_metadata VALUES(584,10,'Comunicación Oral y Escrita',0,0.0,1);
INSERT INTO subjects_metadata VALUES(585,10,'Desarrollo del Emprendedorismo',0,0.0,1);
INSERT INTO subjects_metadata VALUES(586,10,'Geometría Analítica y Vectores',0,0.0,1);
INSERT INTO subjects_metadata VALUES(587,10,'Idioma I',0,0.0,1);
INSERT INTO subjects_metadata VALUES(588,10,'Informática Aplicada',0,0.0,1);
INSERT INTO subjects_metadata VALUES(589,10,'Dibujo Técnico',0,0.0,2);
INSERT INTO subjects_metadata VALUES(590,10,'Química',0,0.0,2);
INSERT INTO subjects_metadata VALUES(591,10,'Cálculo II',0,0.0,2);
INSERT INTO subjects_metadata VALUES(592,10,'Física I',0,0.0,2);
INSERT INTO subjects_metadata VALUES(593,10,'Física II',0,0.0,2);
INSERT INTO subjects_metadata VALUES(594,10,'Idioma II',0,0.0,2);
INSERT INTO subjects_metadata VALUES(595,10,'Diseño Asistido por Computadora',0,0.0,3);
INSERT INTO subjects_metadata VALUES(596,10,'Cálculo III',0,0.0,3);
INSERT INTO subjects_metadata VALUES(597,10,'Cálculo IV (Cálculo Vectorial)',0,0.0,3);
INSERT INTO subjects_metadata VALUES(598,10,'Circuitos Eléctricos I',0,0.0,3);
INSERT INTO subjects_metadata VALUES(599,10,'Física III',0,0.0,3);
INSERT INTO subjects_metadata VALUES(600,10,'Principios de Electrónica',0,0.0,3);
INSERT INTO subjects_metadata VALUES(601,10,'Cálculo V (Variable Compleja)',0,0.0,4);
INSERT INTO subjects_metadata VALUES(602,10,'Circuitos Eléctricos II',0,0.0,4);
INSERT INTO subjects_metadata VALUES(603,10,'Electrónica I',0,0.0,4);
INSERT INTO subjects_metadata VALUES(604,10,'Física IV',0,0.0,4);
INSERT INTO subjects_metadata VALUES(605,10,'Física V',0,0.0,4);
INSERT INTO subjects_metadata VALUES(606,10,'Algoritmo',0,0.0,5);
INSERT INTO subjects_metadata VALUES(607,10,'Cálculo VI (Transformadas de Laplace y Fourier)',0,0.0,5);
INSERT INTO subjects_metadata VALUES(608,10,'Electrónica Digital I',0,0.0,5);
INSERT INTO subjects_metadata VALUES(609,10,'Electrónica II',0,0.0,5);
INSERT INTO subjects_metadata VALUES(610,10,'Estadística',0,0.0,5);
INSERT INTO subjects_metadata VALUES(611,10,'Física VI',0,0.0,5);
INSERT INTO subjects_metadata VALUES(612,10,'Electrónica Digital II',0,0.0,6);
INSERT INTO subjects_metadata VALUES(613,10,'Electrónica III',0,0.0,6);
INSERT INTO subjects_metadata VALUES(614,10,'Física VII',0,0.0,6);
INSERT INTO subjects_metadata VALUES(615,10,'Metodología de la Investigación',0,0.0,6);
INSERT INTO subjects_metadata VALUES(616,10,'Programación',0,0.0,6);
INSERT INTO subjects_metadata VALUES(617,10,'Sistemas de Control I',0,0.0,6);
INSERT INTO subjects_metadata VALUES(618,10,'Modulación I',0,0.0,7);
INSERT INTO subjects_metadata VALUES(619,10,'Protocolos de Comunicación I',0,0.0,7);
INSERT INTO subjects_metadata VALUES(620,10,'Sistemas de Control II',0,0.0,7);
INSERT INTO subjects_metadata VALUES(621,10,'Sistemas de Transmisión y Recepción de Radio',0,0.0,7);
INSERT INTO subjects_metadata VALUES(622,10,'Sistemas Digitales I',0,0.0,7);
INSERT INTO subjects_metadata VALUES(623,10,'Sistemas Operativos de Microcomputadoras',0,0.0,7);
INSERT INTO subjects_metadata VALUES(624,10,'Microondas',0,0.0,8);
INSERT INTO subjects_metadata VALUES(625,10,'Modulación II',0,0.0,8);
INSERT INTO subjects_metadata VALUES(626,10,'Protocolos de Comunicación II',0,0.0,8);
INSERT INTO subjects_metadata VALUES(627,10,'Redes de Datos I',0,0.0,8);
INSERT INTO subjects_metadata VALUES(628,10,'Sistemas de Transmisión y Recepción de Televisión',0,0.0,8);
INSERT INTO subjects_metadata VALUES(629,10,'Sistemas Digitales II',0,0.0,8);
INSERT INTO subjects_metadata VALUES(630,10,'Anteproyecto de Trabajo de Grado',0,0.0,9);
INSERT INTO subjects_metadata VALUES(631,10,'Arquitectura de Microcomputadoras',0,0.0,9);
INSERT INTO subjects_metadata VALUES(632,10,'Comunicación por Satélite',0,0.0,9);
INSERT INTO subjects_metadata VALUES(633,10,'Comunicaciones Opticas',0,0.0,9);
INSERT INTO subjects_metadata VALUES(634,10,'Derecho',0,0.0,9);
INSERT INTO subjects_metadata VALUES(635,10,'Redes de Datos II',0,0.0,9);
INSERT INTO subjects_metadata VALUES(636,10,'Administración y Recursos Humanos',0,0.0,10);
INSERT INTO subjects_metadata VALUES(637,10,'Economía y Finanzas',0,0.0,10);
INSERT INTO subjects_metadata VALUES(638,10,'Evaluación de Proyectos',0,0.0,10);
INSERT INTO subjects_metadata VALUES(639,10,'Proyrcto de Trabajo de Grado',0,0.0,10);
INSERT INTO subjects_metadata VALUES(640,16,'Electiva I',5,0.0,1);
INSERT INTO subjects_metadata VALUES(641,16,'Electiva II',5,0.0,1);
INSERT INTO subjects_metadata VALUES(642,16,'Electiva III',5,0.0,1);
INSERT INTO subjects_metadata VALUES(643,16,'Electiva IV',5,0.0,1);
INSERT INTO subjects_metadata VALUES(644,16,'Emprendedorismo',5,0.0,1);
INSERT INTO subjects_metadata VALUES(645,16,'Expresión Oral y Escrita',5,0.0,1);
INSERT INTO subjects_metadata VALUES(646,16,'Geometría Analítica',5,0.0,1);
INSERT INTO subjects_metadata VALUES(647,16,'Matemática Discreta',6,0.0,1);
INSERT INTO subjects_metadata VALUES(648,16,'Química',5,0.0,1);
INSERT INTO subjects_metadata VALUES(649,16,'Administración de Empresas',5,0.0,2);
INSERT INTO subjects_metadata VALUES(650,16,'Algebra Lineal',7,0.0,2);
INSERT INTO subjects_metadata VALUES(651,16,'Cálculo I',6,0.0,2);
INSERT INTO subjects_metadata VALUES(652,16,'Contabilidad',5,0.0,2);
INSERT INTO subjects_metadata VALUES(653,16,'Estadística I',6,0.0,2);
INSERT INTO subjects_metadata VALUES(654,16,'Física I',5,0.0,2);
INSERT INTO subjects_metadata VALUES(655,16,'Informática I',5,0.0,2);
INSERT INTO subjects_metadata VALUES(656,16,'Análisis Gerencial de Costos',6,0.0,3);
INSERT INTO subjects_metadata VALUES(657,16,'Cálculo II',6,0.0,3);
INSERT INTO subjects_metadata VALUES(658,16,'Estadística II',6,0.0,3);
INSERT INTO subjects_metadata VALUES(659,16,'Física II',6,0.0,3);
INSERT INTO subjects_metadata VALUES(660,16,'Informática II',5,0.0,3);
INSERT INTO subjects_metadata VALUES(661,16,'Investigación de Operaciones I',7,0.0,3);
INSERT INTO subjects_metadata VALUES(662,16,'Organización, Sistemas y Métodos',6,0.0,3);
INSERT INTO subjects_metadata VALUES(663,16,'Cálculo III',7,0.0,4);
INSERT INTO subjects_metadata VALUES(664,16,'Economía I',5,0.0,4);
INSERT INTO subjects_metadata VALUES(665,16,'Estadística III',6,0.0,4);
INSERT INTO subjects_metadata VALUES(666,16,'Física Experimental',6,0.0,4);
INSERT INTO subjects_metadata VALUES(667,16,'Gestión de Personas',5,0.0,4);
INSERT INTO subjects_metadata VALUES(668,16,'Informática III',5,0.0,4);
INSERT INTO subjects_metadata VALUES(669,16,'Investigación de Operaciones II',4,0.0,4);
INSERT INTO subjects_metadata VALUES(670,16,'Metodología de la Investigación',5,0.0,4);
INSERT INTO subjects_metadata VALUES(671,16,'Análisis Multivariado',5,0.0,5);
INSERT INTO subjects_metadata VALUES(672,16,'Control de Gestión',5,0.0,7);
INSERT INTO subjects_metadata VALUES(673,16,'Desarrollo Gerencial',6,0.0,5);
INSERT INTO subjects_metadata VALUES(674,16,'Economía II',5,0.0,5);
INSERT INTO subjects_metadata VALUES(675,16,'Electiva IX',5,0.0,9);
INSERT INTO subjects_metadata VALUES(676,16,'Electiva V',5,0.0,5);
INSERT INTO subjects_metadata VALUES(677,16,'Electiva VI',5,0.0,6);
INSERT INTO subjects_metadata VALUES(678,16,'Electiva VII',5,0.0,7);
INSERT INTO subjects_metadata VALUES(679,16,'Electiva VIII',5,0.0,8);
INSERT INTO subjects_metadata VALUES(680,16,'Fuente de Datos',5,0.0,6);
INSERT INTO subjects_metadata VALUES(681,16,'Gestión Ambiental',5,0.0,8);
INSERT INTO subjects_metadata VALUES(682,16,'Informática IV',5,0.0,5);
INSERT INTO subjects_metadata VALUES(683,16,'Informática V',5,0.0,6);
INSERT INTO subjects_metadata VALUES(684,16,'Ingeniería Económica',6,0.0,6);
INSERT INTO subjects_metadata VALUES(685,16,'Investigación de Mercado',6,0.0,7);
INSERT INTO subjects_metadata VALUES(686,16,'Investigación de Operaciones III',7,0.0,6);
INSERT INTO subjects_metadata VALUES(687,16,'Física IV',7,0.0,5);
INSERT INTO subjects_metadata VALUES(688,16,'Investigación de Operaciones IV',6,0.0,6);
INSERT INTO subjects_metadata VALUES(689,16,'Legislación',5,0.0,8);
INSERT INTO subjects_metadata VALUES(690,16,'Logística',5,0.0,7);
INSERT INTO subjects_metadata VALUES(691,16,'Mecánica de Fluidos',6,0.0,6);
INSERT INTO subjects_metadata VALUES(692,16,'Métodos Numéricos',7,0.0,5);
INSERT INTO subjects_metadata VALUES(693,16,'Modelos Matemáticos',8,0.0,6);
INSERT INTO subjects_metadata VALUES(694,16,'Organización de la Producción',5,0.0,5);
INSERT INTO subjects_metadata VALUES(695,16,'Planificación Estratégica',5,0.0,6);
INSERT INTO subjects_metadata VALUES(696,16,'Planificación y Control de la Producción',5,0.0,6);
INSERT INTO subjects_metadata VALUES(697,16,'Proyectos',6,0.0,7);
INSERT INTO subjects_metadata VALUES(698,17,'Álgebra',0,0.0,1);
INSERT INTO subjects_metadata VALUES(699,17,'Algoritmo',0,0.0,1);
INSERT INTO subjects_metadata VALUES(700,17,'Cálculo 1',0,0.0,1);
INSERT INTO subjects_metadata VALUES(701,17,'Cálculo 2',0,0.0,1);
INSERT INTO subjects_metadata VALUES(702,17,'Cálculo 3',0,0.0,1);
INSERT INTO subjects_metadata VALUES(703,17,'Cálculo 4',0,0.0,1);
INSERT INTO subjects_metadata VALUES(704,17,'Cálculo 5',0,0.0,1);
INSERT INTO subjects_metadata VALUES(705,17,'Cálculo 6',0,0.0,1);
INSERT INTO subjects_metadata VALUES(706,17,'Dibujo Técnico',0,0.0,1);
INSERT INTO subjects_metadata VALUES(707,17,'Diseño Asistido por Computadora',0,0.0,1);
INSERT INTO subjects_metadata VALUES(708,17,'Física 1',0,0.0,1);
INSERT INTO subjects_metadata VALUES(709,17,'Física 2',0,0.0,1);
INSERT INTO subjects_metadata VALUES(710,17,'Física 3',0,0.0,1);
INSERT INTO subjects_metadata VALUES(711,17,'Física 4',0,0.0,1);
INSERT INTO subjects_metadata VALUES(712,17,'Física Moderna',0,0.0,1);
INSERT INTO subjects_metadata VALUES(713,17,'Geometría Analítica y Vectores',0,0.0,1);
INSERT INTO subjects_metadata VALUES(714,17,'Mecánica',0,0.0,1);
INSERT INTO subjects_metadata VALUES(715,17,'Programación',0,0.0,1);
INSERT INTO subjects_metadata VALUES(716,17,'Química 1',0,0.0,1);
INSERT INTO subjects_metadata VALUES(717,17,'Química 2',0,0.0,1);
INSERT INTO subjects_metadata VALUES(718,17,'Física de Materiales',0,0.0,1);
INSERT INTO subjects_metadata VALUES(719,17,'Física del Sólido',0,0.0,1);
INSERT INTO subjects_metadata VALUES(720,17,'Introducción a la Ciencia de Materiales',0,0.0,1);
INSERT INTO subjects_metadata VALUES(721,17,'Previsión y Seguridad en el Trabajo',0,0.0,1);
INSERT INTO subjects_metadata VALUES(722,17,'Probabilidad y Estadística',0,0.0,1);
INSERT INTO subjects_metadata VALUES(723,17,'Resistencia de Materiales',0,0.0,1);
INSERT INTO subjects_metadata VALUES(724,17,'Termodinámica de Materiales 1',0,0.0,1);
INSERT INTO subjects_metadata VALUES(725,17,'Laboratorio de Materiales 1',0,0.0,1);
INSERT INTO subjects_metadata VALUES(726,17,'Biomateriales',0,0.0,1);
INSERT INTO subjects_metadata VALUES(727,17,'Caracterización de Materiales',0,0.0,1);
INSERT INTO subjects_metadata VALUES(728,17,'Laboratorio de Materiales 2',0,0.0,1);
INSERT INTO subjects_metadata VALUES(729,17,'Laboratorio de Materiales 3',0,0.0,1);
INSERT INTO subjects_metadata VALUES(730,17,'Materiales Avanzados',0,0.0,1);
INSERT INTO subjects_metadata VALUES(731,17,'Materiales Cerámicos',0,0.0,1);
INSERT INTO subjects_metadata VALUES(732,17,'Materiales Compuestos',0,0.0,1);
INSERT INTO subjects_metadata VALUES(733,17,'Materiales Metálicos',0,0.0,1);
INSERT INTO subjects_metadata VALUES(734,17,'Materiales Poliméricos',0,0.0,1);
INSERT INTO subjects_metadata VALUES(735,17,'Taller de Tecnología 1',0,0.0,1);
INSERT INTO subjects_metadata VALUES(736,17,'Taller de Tecnología 2',0,0.0,1);
INSERT INTO subjects_metadata VALUES(737,17,'Termodinámica de Materiales 2',0,0.0,1);
INSERT INTO subjects_metadata VALUES(738,17,'Procesos 1',0,0.0,1);
INSERT INTO subjects_metadata VALUES(739,17,'Procesos 2',0,0.0,1);
INSERT INTO subjects_metadata VALUES(740,17,'Procesos 3',0,0.0,1);
INSERT INTO subjects_metadata VALUES(741,17,'Derecho',0,0.0,1);
INSERT INTO subjects_metadata VALUES(742,17,'Economía y Finanzas',0,0.0,1);
INSERT INTO subjects_metadata VALUES(743,17,'Ensayos no Destructivos',0,0.0,1);
INSERT INTO subjects_metadata VALUES(744,17,'Degradación de Materiales 1',0,0.0,1);
INSERT INTO subjects_metadata VALUES(745,17,'Degradación de Materiales 2',0,0.0,1);
INSERT INTO subjects_metadata VALUES(746,7,'Álgebra',6,0.0,1);
INSERT INTO subjects_metadata VALUES(747,7,'Cálculo I',6,0.0,1);
INSERT INTO subjects_metadata VALUES(748,7,'Cultura de Valores',3,0.0,1);
INSERT INTO subjects_metadata VALUES(749,7,'Geometría Analítica y Vectores',6,0.0,1);
INSERT INTO subjects_metadata VALUES(750,7,'Informática I',4,0.0,1);
INSERT INTO subjects_metadata VALUES(751,7,'Inglés I',4,0.0,1);
INSERT INTO subjects_metadata VALUES(752,7,'Sociología de la Empresa',4,0.0,1);
INSERT INTO subjects_metadata VALUES(753,7,'Cálculo II',6,0.0,2);
INSERT INTO subjects_metadata VALUES(754,7,'Contabilidad',5,0.0,2);
INSERT INTO subjects_metadata VALUES(755,7,'Estadística I',5,0.0,2);
INSERT INTO subjects_metadata VALUES(756,7,'Física I',6,0.0,2);
INSERT INTO subjects_metadata VALUES(757,7,'Formación Integral',3,0.0,2);
INSERT INTO subjects_metadata VALUES(758,7,'Inglés II',4,0.0,2);
INSERT INTO subjects_metadata VALUES(759,7,'Liderazgo',3,0.0,2);
INSERT INTO subjects_metadata VALUES(760,7,'Comportamiento Organizacional',5,0.0,3);
INSERT INTO subjects_metadata VALUES(761,7,'Ecología y Desarrollo Sustentable',3,0.0,3);
INSERT INTO subjects_metadata VALUES(762,7,'Estadística II',5,0.0,3);
INSERT INTO subjects_metadata VALUES(763,7,'Física II',6,0.0,3);
INSERT INTO subjects_metadata VALUES(764,7,'Gestión de Marketing',5,0.0,3);
INSERT INTO subjects_metadata VALUES(765,7,'Inglés III',4,0.0,3);
INSERT INTO subjects_metadata VALUES(766,7,'Matemática Financiera',6,0.0,3);
INSERT INTO subjects_metadata VALUES(767,7,'Costos y Presupuestos',5,0.0,4);
INSERT INTO subjects_metadata VALUES(768,7,'Desarrollo del Pensamiento',3,0.0,4);
INSERT INTO subjects_metadata VALUES(769,7,'Estados Financieros',6,0.0,4);
INSERT INTO subjects_metadata VALUES(770,7,'Finanzas',6,0.0,4);
INSERT INTO subjects_metadata VALUES(771,7,'Gerencia de Ventas',5,0.0,4);
INSERT INTO subjects_metadata VALUES(772,7,'Informática II',5,0.0,4);
INSERT INTO subjects_metadata VALUES(773,7,'Inglés IV',4,0.0,4);
INSERT INTO subjects_metadata VALUES(774,7,'Emprendedorismo',4,0.0,5);
INSERT INTO subjects_metadata VALUES(775,7,'Inglés V ',4,0.0,5);
INSERT INTO subjects_metadata VALUES(776,7,'Investigación de Mercado',5,0.0,5);
INSERT INTO subjects_metadata VALUES(777,7,'Macroeconomía',6,0.0,5);
INSERT INTO subjects_metadata VALUES(778,7,'Marketing Estratégico',5,0.0,5);
INSERT INTO subjects_metadata VALUES(779,7,'Marketing Internacional',5,0.0,5);
INSERT INTO subjects_metadata VALUES(780,7,'Política Económica',5,0.0,5);
INSERT INTO subjects_metadata VALUES(781,7,'Diseño Gráfico I',6,0.0,6);
INSERT INTO subjects_metadata VALUES(782,7,'Inglés VI',4,0.0,6);
INSERT INTO subjects_metadata VALUES(783,7,'Marketing en el Sector Público',5,0.0,6);
INSERT INTO subjects_metadata VALUES(784,7,'Política de Empresa',5,0.0,6);
INSERT INTO subjects_metadata VALUES(785,7,'Psicología Publicitaria',5,0.0,6);
INSERT INTO subjects_metadata VALUES(786,7,'Taller Publicitario I',6,0.0,6);
INSERT INTO subjects_metadata VALUES(787,7,'Trabajo en Equipo',3,0.0,6);
INSERT INTO subjects_metadata VALUES(788,7,'Administración I',5,0.0,7);
INSERT INTO subjects_metadata VALUES(789,7,'Conducta del Consumidor',5,0.0,7);
INSERT INTO subjects_metadata VALUES(790,7,'Diseño Gráfico II',6,0.0,7);
INSERT INTO subjects_metadata VALUES(791,7,'Gerencia de Producto',5,0.0,7);
INSERT INTO subjects_metadata VALUES(792,7,'Gestión Estratégica de las Comunicaciones',5,0.0,7);
INSERT INTO subjects_metadata VALUES(793,7,'Microeconomía',6,0.0,7);
INSERT INTO subjects_metadata VALUES(794,7,'Taller Publicitario II',6,0.0,7);
INSERT INTO subjects_metadata VALUES(795,7,'Administración II',5,0.0,8);
INSERT INTO subjects_metadata VALUES(796,7,'Electiva I',4,0.0,8);
INSERT INTO subjects_metadata VALUES(797,7,'Electiva II',4,0.0,8);
INSERT INTO subjects_metadata VALUES(798,7,'Estrategia de Precios',5,0.0,8);
INSERT INTO subjects_metadata VALUES(799,7,'Gestión de Distribución y Logística',5,0.0,8);
INSERT INTO subjects_metadata VALUES(800,7,'Marketing Directo',5,0.0,8);
INSERT INTO subjects_metadata VALUES(801,7,'Pasantías I',0,0.0,8);
INSERT INTO subjects_metadata VALUES(802,7,'Comportamiento y Gestión de Clientes',5,0.0,9);
INSERT INTO subjects_metadata VALUES(803,7,'Derecho',5,0.0,9);
INSERT INTO subjects_metadata VALUES(804,7,'Electiva III',4,0.0,9);
INSERT INTO subjects_metadata VALUES(805,7,'Marketing por Internet',5,0.0,9);
INSERT INTO subjects_metadata VALUES(806,7,'Pasantías II',0,0.0,9);
INSERT INTO subjects_metadata VALUES(807,7,'Diseño e Implementación del Plan de Marketing',6,0.0,9);
INSERT INTO subjects_metadata VALUES(808,7,'E-Business',5,0.0,10);
INSERT INTO subjects_metadata VALUES(809,7,'Electiva IV',4,0.0,10);
INSERT INTO subjects_metadata VALUES(810,7,'Electiva V',4,0.0,10);
INSERT INTO subjects_metadata VALUES(811,7,'Gestión de Agencias y Plan de Medios',5,0.0,10);
INSERT INTO subjects_metadata VALUES(812,7,'Negociación Internacional',5,0.0,10);
INSERT INTO subjects_metadata VALUES(813,7,'Taller de Tesis',6,0.0,10);
INSERT INTO subjects_metadata VALUES(814,6,'Acceso y Utilización de la Información',4,0.0,6);
INSERT INTO subjects_metadata VALUES(815,6,'Alfabetización Informacional',3,0.0,8);
INSERT INTO subjects_metadata VALUES(816,6,'Antropología Cultural',3,0.0,2);
INSERT INTO subjects_metadata VALUES(817,6,'Archivología I',3,0.0,6);
INSERT INTO subjects_metadata VALUES(818,6,'Archivología II',3,0.0,7);
INSERT INTO subjects_metadata VALUES(819,6,'Bibliometría',3,0.0,8);
INSERT INTO subjects_metadata VALUES(820,6,'Ciencias de la Información',4,0.0,1);
INSERT INTO subjects_metadata VALUES(821,6,'Comunicación',3,0.0,1);
INSERT INTO subjects_metadata VALUES(822,6,'Comunicación e Información',4,0.0,4);
INSERT INTO subjects_metadata VALUES(823,6,'Conservación de Documentos',3,0.0,7);
INSERT INTO subjects_metadata VALUES(824,6,'Control Bibliográfico',3,0.0,1);
INSERT INTO subjects_metadata VALUES(825,6,'Desarrollo de Colecciones',4,0.0,4);
INSERT INTO subjects_metadata VALUES(826,6,'Didáctica',3,0.0,7);
INSERT INTO subjects_metadata VALUES(827,6,'Documentación',3,0.0,3);
INSERT INTO subjects_metadata VALUES(828,6,'Electiva - Cultura de Valores',5,0.0,0);
INSERT INTO subjects_metadata VALUES(829,6,'Electiva - Dirección Estratégica',0,0.0,0);
INSERT INTO subjects_metadata VALUES(830,6,'Electiva - Inglés Técnico I',2,0.0,0);
INSERT INTO subjects_metadata VALUES(831,6,'Electiva - Inglés Técnico II',2,0.0,0);
INSERT INTO subjects_metadata VALUES(832,6,'Electiva - Liderazgo',0,0.0,0);
INSERT INTO subjects_metadata VALUES(833,6,'Electiva - Marketing',3,0.0,0);
INSERT INTO subjects_metadata VALUES(834,6,'Electiva - Matemática',3,0.0,0);
INSERT INTO subjects_metadata VALUES(835,6,'Electiva - Portugués I',2,0.0,0);
INSERT INTO subjects_metadata VALUES(836,6,'Electiva - Portugués II',2,0.0,0);
INSERT INTO subjects_metadata VALUES(837,6,'Electiva - Psicología',3,0.0,0);
INSERT INTO subjects_metadata VALUES(838,6,'Electiva - Sociología',0,0.0,0);
INSERT INTO subjects_metadata VALUES(839,6,'Emprendedorismo',3,0.0,2);
INSERT INTO subjects_metadata VALUES(840,6,'Estadística',3,0.0,4);
INSERT INTO subjects_metadata VALUES(841,6,'Extensión Bibliotecaria',4,0.0,7);
INSERT INTO subjects_metadata VALUES(842,6,'Fuentes de Información I',3,0.0,1);
INSERT INTO subjects_metadata VALUES(843,6,'Fuentes de Información II',3,0.0,2);
INSERT INTO subjects_metadata VALUES(844,6,'Fuentes de Información III',3,0.0,3);
INSERT INTO subjects_metadata VALUES(845,6,'Gestión de la Información I',3,0.0,3);
INSERT INTO subjects_metadata VALUES(846,6,'Gestión de la Información II',3,0.0,4);
INSERT INTO subjects_metadata VALUES(847,6,'Gestión de la Información III',3,0.0,5);
INSERT INTO subjects_metadata VALUES(848,6,'Gestión de la Información IV',3,0.0,6);
INSERT INTO subjects_metadata VALUES(849,6,'Gestión de Proyectos',2,0.0,8);
INSERT INTO subjects_metadata VALUES(850,6,'Historia del Pensamiento Filosófico y Científico',4,0.0,5);
INSERT INTO subjects_metadata VALUES(851,6,'Informática Documental I',3,0.0,2);
INSERT INTO subjects_metadata VALUES(852,6,'Informática Documental II',3,0.0,3);
INSERT INTO subjects_metadata VALUES(853,6,'Informática Documental III',3,0.0,4);
INSERT INTO subjects_metadata VALUES(854,6,'Informática Documental IV',3,0.0,5);
INSERT INTO subjects_metadata VALUES(855,6,'Informática Documental V',3,0.0,6);
INSERT INTO subjects_metadata VALUES(856,6,'Metodología de la Investigación Científica',4,0.0,5);
INSERT INTO subjects_metadata VALUES(857,6,'Optativa - Actualidad Profesional',3,0.0,0);
INSERT INTO subjects_metadata VALUES(858,6,'Optativa - Bibliotecas Escolares y Públicas',3,0.0,0);
INSERT INTO subjects_metadata VALUES(859,6,'Optativa - Bibliotecas Universitarias',3,0.0,0);
INSERT INTO subjects_metadata VALUES(860,6,'Optativa - Información Especializada',3,0.0,0);
INSERT INTO subjects_metadata VALUES(861,6,'Optativa - Literatura Paraguaya',3,0.0,0);
INSERT INTO subjects_metadata VALUES(862,6,'Optativa - Política Archivística',3,0.0,0);
INSERT INTO subjects_metadata VALUES(863,6,'Organización y Representación del Conocimiento I',4,0.0,3);
INSERT INTO subjects_metadata VALUES(864,6,'Organización y Representación del Conocimiento II',3,0.0,4);
INSERT INTO subjects_metadata VALUES(865,6,'Organización y Representación del Conocimiento III',3,0.0,5);
INSERT INTO subjects_metadata VALUES(866,6,'Organización y Representación del Conocimiento IV',3,0.0,6);
INSERT INTO subjects_metadata VALUES(867,6,'Planificación Estratégica',3,0.0,7);
INSERT INTO subjects_metadata VALUES(868,6,'Políticas de Información',4,0.0,7);
INSERT INTO subjects_metadata VALUES(869,6,'Práctica Profesional Supervisada I',30,0.0,0);
INSERT INTO subjects_metadata VALUES(870,6,'Práctica Profesional Supervisada II',30,0.0,0);
INSERT INTO subjects_metadata VALUES(871,6,'Productos de Recuperación de Información',4,0.0,8);
INSERT INTO subjects_metadata VALUES(872,6,'Registro del Conocimiento',4,0.0,2);
INSERT INTO subjects_metadata VALUES(873,6,'Seminario',5,0.0,9);
INSERT INTO subjects_metadata VALUES(874,6,'Técnicas de Trabajo Intelectual',3,0.0,1);
INSERT INTO subjects_metadata VALUES(875,6,'Tecnología Archivística',3,0.0,8);
INSERT INTO subjects_metadata VALUES(876,6,'Usuarios de la Información',3,0.0,5);
INSERT INTO subjects_metadata VALUES(877,13,'Álgebra',0,0.0,1);
INSERT INTO subjects_metadata VALUES(878,13,'Cálculo I',0,0.0,1);
INSERT INTO subjects_metadata VALUES(879,13,'Dibujo Técnico',0,0.0,1);
INSERT INTO subjects_metadata VALUES(880,13,'Geometría Analítica y Vectores',0,0.0,1);
INSERT INTO subjects_metadata VALUES(881,13,'Previsión y Seguridad en el Trabajo',0,0.0,1);
INSERT INTO subjects_metadata VALUES(882,13,'Química',0,0.0,1);
INSERT INTO subjects_metadata VALUES(883,13,'Algoritmo',0,0.0,2);
INSERT INTO subjects_metadata VALUES(884,13,'Cálculo II',0,0.0,2);
INSERT INTO subjects_metadata VALUES(885,13,'Diseño Asistido por Computadora',0,0.0,2);
INSERT INTO subjects_metadata VALUES(886,13,'Electrotecnia I',0,0.0,2);
INSERT INTO subjects_metadata VALUES(887,13,'Física I',0,0.0,2);
INSERT INTO subjects_metadata VALUES(888,13,'Física II',0,0.0,2);
INSERT INTO subjects_metadata VALUES(889,13,'Cálculo III',0,0.0,3);
INSERT INTO subjects_metadata VALUES(890,13,'Cálculo IV (Cálculo Vectorial)',0,0.0,3);
INSERT INTO subjects_metadata VALUES(891,13,'Circuitos Eléctricos I',0,0.0,3);
INSERT INTO subjects_metadata VALUES(892,13,'Electrotecnia II',0,0.0,3);
INSERT INTO subjects_metadata VALUES(893,13,'Física III',0,0.0,3);
INSERT INTO subjects_metadata VALUES(894,13,'Programación',0,0.0,3);
INSERT INTO subjects_metadata VALUES(895,13,'Resistencia de Materiales',0,0.0,3);
INSERT INTO subjects_metadata VALUES(896,13,'Cálculo V (Variable Compleja)',0,0.0,4);
INSERT INTO subjects_metadata VALUES(897,13,'Circuitos Eléctricos II',0,0.0,4);
INSERT INTO subjects_metadata VALUES(898,13,'Electrónica I',0,0.0,4);
INSERT INTO subjects_metadata VALUES(899,13,'Física IV',0,0.0,4);
INSERT INTO subjects_metadata VALUES(900,13,'Física V',0,0.0,4);
INSERT INTO subjects_metadata VALUES(901,13,'Probabilidad y Estadística',0,0.0,4);
INSERT INTO subjects_metadata VALUES(902,13,'Cálculo VI (Transformadas de Laplace y Fourier)',0,0.0,5);
INSERT INTO subjects_metadata VALUES(903,13,'Conversión de Energía Eléctrica I',0,0.0,5);
INSERT INTO subjects_metadata VALUES(904,13,'Electrónica Digital',0,0.0,5);
INSERT INTO subjects_metadata VALUES(905,13,'Electrónica II',0,0.0,5);
INSERT INTO subjects_metadata VALUES(906,13,'Física VI',0,0.0,5);
INSERT INTO subjects_metadata VALUES(907,13,'Instalaciones Eléctricas I',0,0.0,5);
INSERT INTO subjects_metadata VALUES(908,13,'Conversión de Energía Eléctrica II',0,0.0,6);
INSERT INTO subjects_metadata VALUES(909,13,'Electrónica de Potencia I',0,0.0,6);
INSERT INTO subjects_metadata VALUES(910,13,'Física VII',0,0.0,6);
INSERT INTO subjects_metadata VALUES(911,13,'Física VIII',0,0.0,6);
INSERT INTO subjects_metadata VALUES(912,13,'Instalaciones Eléctricas II',0,0.0,6);
INSERT INTO subjects_metadata VALUES(913,13,'Instrumentación Industrial',0,0.0,6);
INSERT INTO subjects_metadata VALUES(914,13,'Sistemas de Control I',0,0.0,6);
INSERT INTO subjects_metadata VALUES(915,13,'Automatización Industrial',0,0.0,7);
INSERT INTO subjects_metadata VALUES(916,13,'Distribución de Energía Eléctrica',0,0.0,7);
INSERT INTO subjects_metadata VALUES(917,13,'Electrónica de Potencia II',0,0.0,7);
INSERT INTO subjects_metadata VALUES(918,13,'Instalaciones Eléctricas III',0,0.0,7);
INSERT INTO subjects_metadata VALUES(919,13,'Sistemas de Control II',0,0.0,7);
INSERT INTO subjects_metadata VALUES(920,13,'Sistemas Digitales I',0,0.0,7);
INSERT INTO subjects_metadata VALUES(921,13,'Administración y Recursos Humanos',0,0.0,8);
INSERT INTO subjects_metadata VALUES(922,13,'Instalación Eléctrica Industrial',0,0.0,8);
INSERT INTO subjects_metadata VALUES(923,13,'Lineas de Transmisión',0,0.0,8);
INSERT INTO subjects_metadata VALUES(924,13,'Sistemas de Potencia I',0,0.0,8);
INSERT INTO subjects_metadata VALUES(925,13,'Sistemas Digitales II',0,0.0,8);
INSERT INTO subjects_metadata VALUES(926,13,'Sistemas Neumáticos Industriales',0,0.0,8);
INSERT INTO subjects_metadata VALUES(927,13,'Generación de Energía Eléctrica',0,0.0,9);
INSERT INTO subjects_metadata VALUES(928,13,'Mantenimiento Industrial',0,0.0,9);
INSERT INTO subjects_metadata VALUES(929,13,'Normalización y Calidad Industrial',0,0.0,9);
INSERT INTO subjects_metadata VALUES(930,13,'Protección en Sistemas Eléctricos',0,0.0,9);
INSERT INTO subjects_metadata VALUES(931,13,'Sistemas de Potencia II',0,0.0,9);
INSERT INTO subjects_metadata VALUES(932,13,'Subestaciones',0,0.0,9);
INSERT INTO subjects_metadata VALUES(933,13,'Derecho',0,0.0,10);
INSERT INTO subjects_metadata VALUES(934,13,'Economía y Finanzas',0,0.0,10);
INSERT INTO subjects_metadata VALUES(935,13,'Emprendedorismo',0,0.0,10);
INSERT INTO subjects_metadata VALUES(936,13,'Factibilidad de Sistemas Eléctricos',0,0.0,10);
INSERT INTO subjects_metadata VALUES(937,13,'Medición de la Energía Eléctrica',0,0.0,10);
INSERT INTO subjects_metadata VALUES(938,13,'Proyecto de Trabajo de Grado',0,0.0,10);
INSERT INTO subjects_metadata VALUES(939,19,'Algebra Lineal',0,0.0,1);
INSERT INTO subjects_metadata VALUES(940,19,'Algoritmo',0,0.0,2);
INSERT INTO subjects_metadata VALUES(941,19,'Cálculo I',0,0.0,1);
INSERT INTO subjects_metadata VALUES(942,19,'Cálculo II',0,0.0,2);
INSERT INTO subjects_metadata VALUES(943,19,'Cálculo III',0,0.0,3);
INSERT INTO subjects_metadata VALUES(944,19,'Cálculo IV (Cálculo Vectorial)',0,0.0,3);
INSERT INTO subjects_metadata VALUES(945,19,'Dibujo Técnico',0,0.0,1);
INSERT INTO subjects_metadata VALUES(946,19,'Diseño Asistido por Computadora',0,0.0,2);
INSERT INTO subjects_metadata VALUES(947,19,'Electrotecnia',0,0.0,2);
INSERT INTO subjects_metadata VALUES(948,19,'Energía y Medioambiente',0,0.0,3);
INSERT INTO subjects_metadata VALUES(949,19,'Física I',0,0.0,2);
INSERT INTO subjects_metadata VALUES(950,19,'Física II',0,0.0,2);
INSERT INTO subjects_metadata VALUES(951,19,'Física III',0,0.0,4);
INSERT INTO subjects_metadata VALUES(952,19,'Geometría Analítica y Vectores',0,0.0,1);
INSERT INTO subjects_metadata VALUES(953,19,'Previsión y Seguridad en el Trabajo',0,0.0,1);
INSERT INTO subjects_metadata VALUES(954,19,'Programación',0,0.0,4);
INSERT INTO subjects_metadata VALUES(955,19,'Química',0,0.0,1);
INSERT INTO subjects_metadata VALUES(956,19,'Tecnología de los Materiales',0,0.0,3);
INSERT INTO subjects_metadata VALUES(957,19,'Teoría de Circuitos',0,0.0,3);
INSERT INTO subjects_metadata VALUES(958,19,'Cálculo V',0,0.0,4);
INSERT INTO subjects_metadata VALUES(959,19,'Cálculo V',0,0.0,4);
INSERT INTO subjects_metadata VALUES(960,19,'Probabilidad y Estadística',0,0.0,4);
INSERT INTO subjects_metadata VALUES(961,19,'Física IV',0,0.0,4);
INSERT INTO subjects_metadata VALUES(962,19,'Física V',0,0.0,4);
INSERT INTO subjects_metadata VALUES(963,19,'Electrónica, Instrumentación y Control',0,0.0,4);
INSERT INTO subjects_metadata VALUES(964,19,'Investigación de Operaciones',0,0.0,4);
INSERT INTO subjects_metadata VALUES(965,19,'Cálculo VI',0,0.0,5);
INSERT INTO subjects_metadata VALUES(966,19,'Física VI',0,0.0,5);
INSERT INTO subjects_metadata VALUES(967,19,'Modelización y Análisis Numérico',0,0.0,5);
INSERT INTO subjects_metadata VALUES(968,19,'Transporte y Distribución de Energía I',0,0.0,5);
INSERT INTO subjects_metadata VALUES(969,19,'Conversión de Energía Eléctrica I',0,0.0,5);
INSERT INTO subjects_metadata VALUES(970,19,'Economía y Finanzas',0,0.0,5);
INSERT INTO subjects_metadata VALUES(971,19,'Sistemas de Control I',0,0.0,6);
INSERT INTO subjects_metadata VALUES(972,19,'Física VII',0,0.0,6);
INSERT INTO subjects_metadata VALUES(973,19,'Física VIII',0,0.0,6);
INSERT INTO subjects_metadata VALUES(974,19,'Generación de Energía Eléctrica',0,0.0,6);
INSERT INTO subjects_metadata VALUES(975,19,'Conversión de Energía Eléctrica II',0,0.0,6);
INSERT INTO subjects_metadata VALUES(976,19,'Máquinas Térmicas',0,0.0,7);
INSERT INTO subjects_metadata VALUES(977,19,'Máquinas Hidraúlicas',0,0.0,7);
INSERT INTO subjects_metadata VALUES(978,19,'Transporte y Distribución de Energía II',0,0.0,7);
INSERT INTO subjects_metadata VALUES(979,19,'Calor y Frio Industrial',0,0.0,7);
INSERT INTO subjects_metadata VALUES(980,19,'Técnicas de Operación y Mantenimiento',0,0.0,7);
INSERT INTO subjects_metadata VALUES(981,19,'Refino',0,0.0,7);
INSERT INTO subjects_metadata VALUES(982,19,'Energías Renovables',0,0.0,7);
INSERT INTO subjects_metadata VALUES(983,19,'Mercado, Logística y Distribucion de Combustibles',0,0.0,8);
INSERT INTO subjects_metadata VALUES(984,19,'Economía de las Energías Renovables',0,0.0,8);
INSERT INTO subjects_metadata VALUES(985,19,'Mercado y Transporte de la Energía Eléctrica',0,0.0,8);
INSERT INTO subjects_metadata VALUES(986,19,'Eficiencia y Ahorro Energético',0,0.0,8);
INSERT INTO subjects_metadata VALUES(987,19,'Tecnología Nuclear',0,0.0,8);
INSERT INTO subjects_metadata VALUES(988,19,'Macroeconomía y Finanzas Públicas',0,0.0,8);
INSERT INTO subjects_metadata VALUES(989,19,'Gerenciamiento de Proyectos Energéticos',0,0.0,8);
INSERT INTO subjects_metadata VALUES(990,19,'Almacenamiento de Energia',0,0.0,9);
INSERT INTO subjects_metadata VALUES(991,19,'Política Energética',0,0.0,9);
INSERT INTO subjects_metadata VALUES(992,19,'Sustentabilidad Mundial y Regional',0,0.0,9);
INSERT INTO subjects_metadata VALUES(993,19,'Administración y Recursos Humanos',0,0.0,9);
INSERT INTO subjects_metadata VALUES(994,19,'Costos e Ingeniería Económica',0,0.0,9);
INSERT INTO subjects_metadata VALUES(995,19,'Normalizacion y Calidad Industrial',0,0.0,9);
INSERT INTO subjects_metadata VALUES(996,19,'Planificación Energética',0,0.0,10);
INSERT INTO subjects_metadata VALUES(997,19,'Integracion de Sistemas',0,0.0,10);
INSERT INTO subjects_metadata VALUES(998,19,'Aspectos Jurídicos de la Energía',0,0.0,10);
INSERT INTO subjects_metadata VALUES(999,19,'Emprendedorismo',0,0.0,10);
INSERT INTO subjects_metadata VALUES(1000,19,'Trabajo Final de Grado',0,0.0,10);
INSERT INTO subjects_metadata VALUES(1001,20,'Algebra',0,0.0,1);
INSERT INTO subjects_metadata VALUES(1002,20,'Cálculo I',0,0.0,1);
INSERT INTO subjects_metadata VALUES(1003,20,'Dibujo I',0,0.0,1);
INSERT INTO subjects_metadata VALUES(1004,20,'Física Mecánica',0,0.0,1);
INSERT INTO subjects_metadata VALUES(1005,20,'Geometría Analítica y Vectores',0,0.0,1);
INSERT INTO subjects_metadata VALUES(1006,20,'Cálculo II',0,0.0,2);
INSERT INTO subjects_metadata VALUES(1007,20,'Dibujo II',0,0.0,2);
INSERT INTO subjects_metadata VALUES(1008,20,'Física Electricidad',0,0.0,2);
INSERT INTO subjects_metadata VALUES(1009,20,'Física Ondas',0,0.0,2);
INSERT INTO subjects_metadata VALUES(1010,20,'Química',0,0.0,2);
INSERT INTO subjects_metadata VALUES(1011,20,'Análisis de Circuitos I',0,0.0,3);
INSERT INTO subjects_metadata VALUES(1012,20,'Cálculo III',0,0.0,3);
INSERT INTO subjects_metadata VALUES(1013,20,'Cálculo Vectorial I',0,0.0,3);
INSERT INTO subjects_metadata VALUES(1014,20,'Física Moderna',0,0.0,3);
INSERT INTO subjects_metadata VALUES(1015,20,'Taller I',0,0.0,3);
INSERT INTO subjects_metadata VALUES(1016,20,'Análisis de Circuitos  II',0,0.0,4);
INSERT INTO subjects_metadata VALUES(1017,20,'Cálculo IV (Variable Compleja)',0,0.0,4);
INSERT INTO subjects_metadata VALUES(1018,20,'Calculo Vectorial II',0,0.0,4);
INSERT INTO subjects_metadata VALUES(1019,20,'Electrónica I',0,0.0,4);
INSERT INTO subjects_metadata VALUES(1020,20,'Física Calor',0,0.0,4);
INSERT INTO subjects_metadata VALUES(1021,20,'Cálculo V (Transformadas de Laplace y Fourier)',0,0.0,5);
INSERT INTO subjects_metadata VALUES(1022,20,'Electrónica II',0,0.0,5);
INSERT INTO subjects_metadata VALUES(1023,20,'Mecánica Clásica',0,0.0,5);
INSERT INTO subjects_metadata VALUES(1024,20,'Microprocesador I',0,0.0,5);
INSERT INTO subjects_metadata VALUES(1025,20,'Sistemas Digitales',0,0.0,5);
INSERT INTO subjects_metadata VALUES(1026,20,'Taller II',0,0.0,5);
INSERT INTO subjects_metadata VALUES(1027,20,'Electromagnetismo',0,0.0,6);
INSERT INTO subjects_metadata VALUES(1028,20,'Electrónica Aplicada',0,0.0,6);
INSERT INTO subjects_metadata VALUES(1029,20,'Microprocesador II',0,0.0,6);
INSERT INTO subjects_metadata VALUES(1030,20,'Programación',0,0.0,6);
INSERT INTO subjects_metadata VALUES(1031,20,'Taller III',0,0.0,6);
INSERT INTO subjects_metadata VALUES(1032,20,'Taller IV',0,0.0,6);

-- cargar tabla de correlatividades
INSERT INTO subjects_prerrequisite VALUES(1,53);
INSERT INTO subjects_prerrequisite VALUES(2,53);
INSERT INTO subjects_prerrequisite VALUES(3,53);
INSERT INTO subjects_prerrequisite VALUES(4,53);
INSERT INTO subjects_prerrequisite VALUES(5,53);
INSERT INTO subjects_prerrequisite VALUES(6,53);
INSERT INTO subjects_prerrequisite VALUES(7,53);
INSERT INTO subjects_prerrequisite VALUES(8,53);
INSERT INTO subjects_prerrequisite VALUES(9,53);
INSERT INTO subjects_prerrequisite VALUES(10,53);
INSERT INTO subjects_prerrequisite VALUES(12,53);
INSERT INTO subjects_prerrequisite VALUES(13,53);
INSERT INTO subjects_prerrequisite VALUES(14,53);
INSERT INTO subjects_prerrequisite VALUES(15,53);
INSERT INTO subjects_prerrequisite VALUES(16,53);
INSERT INTO subjects_prerrequisite VALUES(17,53);
INSERT INTO subjects_prerrequisite VALUES(20,53);
INSERT INTO subjects_prerrequisite VALUES(21,53);
INSERT INTO subjects_prerrequisite VALUES(22,53);
INSERT INTO subjects_prerrequisite VALUES(23,53);
INSERT INTO subjects_prerrequisite VALUES(24,53);
INSERT INTO subjects_prerrequisite VALUES(25,53);
INSERT INTO subjects_prerrequisite VALUES(26,53);
INSERT INTO subjects_prerrequisite VALUES(27,53);
INSERT INTO subjects_prerrequisite VALUES(28,53);
INSERT INTO subjects_prerrequisite VALUES(29,53);
INSERT INTO subjects_prerrequisite VALUES(30,53);
INSERT INTO subjects_prerrequisite VALUES(31,53);
INSERT INTO subjects_prerrequisite VALUES(32,53);
INSERT INTO subjects_prerrequisite VALUES(33,53);
INSERT INTO subjects_prerrequisite VALUES(34,53);
INSERT INTO subjects_prerrequisite VALUES(35,53);
INSERT INTO subjects_prerrequisite VALUES(36,53);
INSERT INTO subjects_prerrequisite VALUES(37,53);
INSERT INTO subjects_prerrequisite VALUES(38,53);
INSERT INTO subjects_prerrequisite VALUES(39,53);
INSERT INTO subjects_prerrequisite VALUES(40,53);
INSERT INTO subjects_prerrequisite VALUES(41,53);
INSERT INTO subjects_prerrequisite VALUES(42,53);
INSERT INTO subjects_prerrequisite VALUES(43,53);
INSERT INTO subjects_prerrequisite VALUES(44,53);
INSERT INTO subjects_prerrequisite VALUES(45,53);
INSERT INTO subjects_prerrequisite VALUES(46,53);
INSERT INTO subjects_prerrequisite VALUES(47,53);
INSERT INTO subjects_prerrequisite VALUES(48,53);
INSERT INTO subjects_prerrequisite VALUES(49,53);
INSERT INTO subjects_prerrequisite VALUES(50,53);
INSERT INTO subjects_prerrequisite VALUES(51,53);
INSERT INTO subjects_prerrequisite VALUES(52,53);
INSERT INTO subjects_prerrequisite VALUES(27,1);
INSERT INTO subjects_prerrequisite VALUES(27,7);
INSERT INTO subjects_prerrequisite VALUES(27,23);
INSERT INTO subjects_prerrequisite VALUES(40,1);
INSERT INTO subjects_prerrequisite VALUES(40,38);
INSERT INTO subjects_prerrequisite VALUES(40,35);
INSERT INTO subjects_prerrequisite VALUES(45,46);
INSERT INTO subjects_prerrequisite VALUES(45,48);
INSERT INTO subjects_prerrequisite VALUES(2,3);
INSERT INTO subjects_prerrequisite VALUES(2,35);
INSERT INTO subjects_prerrequisite VALUES(7,8);
INSERT INTO subjects_prerrequisite VALUES(46,49);
INSERT INTO subjects_prerrequisite VALUES(35,36);
INSERT INTO subjects_prerrequisite VALUES(3,4);
INSERT INTO subjects_prerrequisite VALUES(3,36);
INSERT INTO subjects_prerrequisite VALUES(3,38);
INSERT INTO subjects_prerrequisite VALUES(3,48);
INSERT INTO subjects_prerrequisite VALUES(38,5);
INSERT INTO subjects_prerrequisite VALUES(8,9);
INSERT INTO subjects_prerrequisite VALUES(8,47);
INSERT INTO subjects_prerrequisite VALUES(8,33);

INSERT INTO subjects_prerrequisite VALUES(36,37);
INSERT INTO subjects_prerrequisite VALUES(36,5);
INSERT INTO subjects_prerrequisite VALUES(36,29);
INSERT INTO subjects_prerrequisite VALUES(36,21);
INSERT INTO subjects_prerrequisite VALUES(4,11);
INSERT INTO subjects_prerrequisite VALUES(9,41);
INSERT INTO subjects_prerrequisite VALUES(24,25);
INSERT INTO subjects_prerrequisite VALUES(24,26);
INSERT INTO subjects_prerrequisite VALUES(24,49);
INSERT INTO subjects_prerrequisite VALUES(48,49);
INSERT INTO subjects_prerrequisite VALUES(48,50);
INSERT INTO subjects_prerrequisite VALUES(51,37);
INSERT INTO subjects_prerrequisite VALUES(51,50);
INSERT INTO subjects_prerrequisite VALUES(41,34);
INSERT INTO subjects_prerrequisite VALUES(21,11);
INSERT INTO subjects_prerrequisite VALUES(29,30);
INSERT INTO subjects_prerrequisite VALUES(5,6);
INSERT INTO subjects_prerrequisite VALUES(5,30);
INSERT INTO subjects_prerrequisite VALUES(30,6);
INSERT INTO subjects_prerrequisite VALUES(23,24);
INSERT INTO subjects_prerrequisite VALUES(73,74);
INSERT INTO subjects_prerrequisite VALUES(82,74);
INSERT INTO subjects_prerrequisite VALUES(60,61);
INSERT INTO subjects_prerrequisite VALUES(82,61);
INSERT INTO subjects_prerrequisite VALUES(81,83);
INSERT INTO subjects_prerrequisite VALUES(82,83);
INSERT INTO subjects_prerrequisite VALUES(55,56);
INSERT INTO subjects_prerrequisite VALUES(74,94);
INSERT INTO subjects_prerrequisite VALUES(83,94);
INSERT INTO subjects_prerrequisite VALUES(78,94);
INSERT INTO subjects_prerrequisite VALUES(61,71);
INSERT INTO subjects_prerrequisite VALUES(83,71);
INSERT INTO subjects_prerrequisite VALUES(83,84);
INSERT INTO subjects_prerrequisite VALUES(83,70);
INSERT INTO subjects_prerrequisite VALUES(56,57);
INSERT INTO subjects_prerrequisite VALUES(94,91);
INSERT INTO subjects_prerrequisite VALUES(71,88);
INSERT INTO subjects_prerrequisite VALUES(84,85);
INSERT INTO subjects_prerrequisite VALUES(94,63);
INSERT INTO subjects_prerrequisite VALUES(71,63);
INSERT INTO subjects_prerrequisite VALUES(84,72);
INSERT INTO subjects_prerrequisite VALUES(91,92);
INSERT INTO subjects_prerrequisite VALUES(57,66);
INSERT INTO subjects_prerrequisite VALUES(57,58);
INSERT INTO subjects_prerrequisite VALUES(63,64);
INSERT INTO subjects_prerrequisite VALUES(85,86);
INSERT INTO subjects_prerrequisite VALUES(88,75);
INSERT INTO subjects_prerrequisite VALUES(92,75);
INSERT INTO subjects_prerrequisite VALUES(63,75);
INSERT INTO subjects_prerrequisite VALUES(64,67);
INSERT INTO subjects_prerrequisite VALUES(66,67);
INSERT INTO subjects_prerrequisite VALUES(64,65);
INSERT INTO subjects_prerrequisite VALUES(70,87);
INSERT INTO subjects_prerrequisite VALUES(70,79);
INSERT INTO subjects_prerrequisite VALUES(75,76);
INSERT INTO subjects_prerrequisite VALUES(75,68);
INSERT INTO subjects_prerrequisite VALUES(64,68);
INSERT INTO subjects_prerrequisite VALUES(79,80);
INSERT INTO subjects_prerrequisite VALUES(75,89);
INSERT INTO subjects_prerrequisite VALUES(67,89);
INSERT INTO subjects_prerrequisite VALUES(64,89);
INSERT INTO subjects_prerrequisite VALUES(87,89);
INSERT INTO subjects_prerrequisite VALUES(58,59);
INSERT INTO subjects_prerrequisite VALUES(76,77);
INSERT INTO subjects_prerrequisite VALUES(68,69);
INSERT INTO subjects_prerrequisite VALUES(76,69);
INSERT INTO subjects_prerrequisite VALUES(89,90);
INSERT INTO subjects_prerrequisite VALUES(65,62);
INSERT INTO subjects_prerrequisite VALUES(76,62);
INSERT INTO subjects_prerrequisite VALUES(80,93);
INSERT INTO subjects_prerrequisite VALUES(4,51);
INSERT INTO subjects_prerrequisite VALUES(46,51);
INSERT INTO subjects_prerrequisite VALUES(36,51);
INSERT INTO subjects_prerrequisite VALUES(1,39);
INSERT INTO subjects_prerrequisite VALUES(38,39);
INSERT INTO subjects_prerrequisite VALUES(30,31);
INSERT INTO subjects_prerrequisite VALUES(95,96);
INSERT INTO subjects_prerrequisite VALUES(100,101);
INSERT INTO subjects_prerrequisite VALUES(121,101);
INSERT INTO subjects_prerrequisite VALUES(112,113);
INSERT INTO subjects_prerrequisite VALUES(121,113);
INSERT INTO subjects_prerrequisite VALUES(120,122);
INSERT INTO subjects_prerrequisite VALUES(121,122);
INSERT INTO subjects_prerrequisite VALUES(96,97);
INSERT INTO subjects_prerrequisite VALUES(122,108);
INSERT INTO subjects_prerrequisite VALUES(101,109);
INSERT INTO subjects_prerrequisite VALUES(122,109);
INSERT INTO subjects_prerrequisite VALUES(122,123);
INSERT INTO subjects_prerrequisite VALUES(122,134);
INSERT INTO subjects_prerrequisite VALUES(117,134);
INSERT INTO subjects_prerrequisite VALUES(113,134);
INSERT INTO subjects_prerrequisite VALUES(134,103);
INSERT INTO subjects_prerrequisite VALUES(109,103);
INSERT INTO subjects_prerrequisite VALUES(123,111);
INSERT INTO subjects_prerrequisite VALUES(123,124);
INSERT INTO subjects_prerrequisite VALUES(127,109);
INSERT INTO subjects_prerrequisite VALUES(131,134);
INSERT INTO subjects_prerrequisite VALUES(97,98);
INSERT INTO subjects_prerrequisite VALUES(108,118);
INSERT INTO subjects_prerrequisite VALUES(118,119);
INSERT INTO subjects_prerrequisite VALUES(127,114);
INSERT INTO subjects_prerrequisite VALUES(132,114);
INSERT INTO subjects_prerrequisite VALUES(103,114);
INSERT INTO subjects_prerrequisite VALUES(104,105);
INSERT INTO subjects_prerrequisite VALUES(98,99);
INSERT INTO subjects_prerrequisite VALUES(114,115);
INSERT INTO subjects_prerrequisite VALUES(119,133);
INSERT INTO subjects_prerrequisite VALUES(115,102);
INSERT INTO subjects_prerrequisite VALUES(105,102);
INSERT INTO subjects_prerrequisite VALUES(115,116);
INSERT INTO subjects_prerrequisite VALUES(127,110);
INSERT INTO subjects_prerrequisite VALUES(110,106);
INSERT INTO subjects_prerrequisite VALUES(131,106);
INSERT INTO subjects_prerrequisite VALUES(114,128);
INSERT INTO subjects_prerrequisite VALUES(114,129);
INSERT INTO subjects_prerrequisite VALUES(106,129);
INSERT INTO subjects_prerrequisite VALUES(105,129);
INSERT INTO subjects_prerrequisite VALUES(126,129);
INSERT INTO subjects_prerrequisite VALUES(128,107);
INSERT INTO subjects_prerrequisite VALUES(129,130);
INSERT INTO subjects_prerrequisite VALUES(198,199);
INSERT INTO subjects_prerrequisite VALUES(198,210);
INSERT INTO subjects_prerrequisite VALUES(198,211);
INSERT INTO subjects_prerrequisite VALUES(217,216);
INSERT INTO subjects_prerrequisite VALUES(199,200);
INSERT INTO subjects_prerrequisite VALUES(199,201);
INSERT INTO subjects_prerrequisite VALUES(199,212);
INSERT INTO subjects_prerrequisite VALUES(199,213);
INSERT INTO subjects_prerrequisite VALUES(199,231);
INSERT INTO subjects_prerrequisite VALUES(210,212);
INSERT INTO subjects_prerrequisite VALUES(210,213);
INSERT INTO subjects_prerrequisite VALUES(197,231);
INSERT INTO subjects_prerrequisite VALUES(201,202);
INSERT INTO subjects_prerrequisite VALUES(216,205);
INSERT INTO subjects_prerrequisite VALUES(231,205);
INSERT INTO subjects_prerrequisite VALUES(213,208);
INSERT INTO subjects_prerrequisite VALUES(217,208);
INSERT INTO subjects_prerrequisite VALUES(211,214);
INSERT INTO subjects_prerrequisite VALUES(213,219);
INSERT INTO subjects_prerrequisite VALUES(201,219);
INSERT INTO subjects_prerrequisite VALUES(202,203);
INSERT INTO subjects_prerrequisite VALUES(210,207);
INSERT INTO subjects_prerrequisite VALUES(208,207);
INSERT INTO subjects_prerrequisite VALUES(205,222);
INSERT INTO subjects_prerrequisite VALUES(231,222);
INSERT INTO subjects_prerrequisite VALUES(214,235);
INSERT INTO subjects_prerrequisite VALUES(205,206);
INSERT INTO subjects_prerrequisite VALUES(207,206);
INSERT INTO subjects_prerrequisite VALUES(207,220);
INSERT INTO subjects_prerrequisite VALUES(208,220);
INSERT INTO subjects_prerrequisite VALUES(232,223);
INSERT INTO subjects_prerrequisite VALUES(207,223);
INSERT INTO subjects_prerrequisite VALUES(205,204);
INSERT INTO subjects_prerrequisite VALUES(220,204);
INSERT INTO subjects_prerrequisite VALUES(220,218);
INSERT INTO subjects_prerrequisite VALUES(235,218);
INSERT INTO subjects_prerrequisite VALUES(203,224);
INSERT INTO subjects_prerrequisite VALUES(219,224);
INSERT INTO subjects_prerrequisite VALUES(218,221);
INSERT INTO subjects_prerrequisite VALUES(233,234);
INSERT INTO subjects_prerrequisite VALUES(209,234);
INSERT INTO subjects_prerrequisite VALUES(197,280);
INSERT INTO subjects_prerrequisite VALUES(198,280);
INSERT INTO subjects_prerrequisite VALUES(199,280);
INSERT INTO subjects_prerrequisite VALUES(200,280);
INSERT INTO subjects_prerrequisite VALUES(201,280);
INSERT INTO subjects_prerrequisite VALUES(202,280);
INSERT INTO subjects_prerrequisite VALUES(203,280);
INSERT INTO subjects_prerrequisite VALUES(204,280);
INSERT INTO subjects_prerrequisite VALUES(205,280);
INSERT INTO subjects_prerrequisite VALUES(206,280);
INSERT INTO subjects_prerrequisite VALUES(207,280);
INSERT INTO subjects_prerrequisite VALUES(208,280);
INSERT INTO subjects_prerrequisite VALUES(209,280);
INSERT INTO subjects_prerrequisite VALUES(210,280);
INSERT INTO subjects_prerrequisite VALUES(211,280);
INSERT INTO subjects_prerrequisite VALUES(212,280);
INSERT INTO subjects_prerrequisite VALUES(213,280);
INSERT INTO subjects_prerrequisite VALUES(214,280);
INSERT INTO subjects_prerrequisite VALUES(215,280);
INSERT INTO subjects_prerrequisite VALUES(216,280);
INSERT INTO subjects_prerrequisite VALUES(217,280);
INSERT INTO subjects_prerrequisite VALUES(218,280);
INSERT INTO subjects_prerrequisite VALUES(219,280);
INSERT INTO subjects_prerrequisite VALUES(220,280);
INSERT INTO subjects_prerrequisite VALUES(221,280);
INSERT INTO subjects_prerrequisite VALUES(222,280);
INSERT INTO subjects_prerrequisite VALUES(223,280);
INSERT INTO subjects_prerrequisite VALUES(224,280);
INSERT INTO subjects_prerrequisite VALUES(225,280);
INSERT INTO subjects_prerrequisite VALUES(226,280);
INSERT INTO subjects_prerrequisite VALUES(227,280);
INSERT INTO subjects_prerrequisite VALUES(228,280);
INSERT INTO subjects_prerrequisite VALUES(229,280);
INSERT INTO subjects_prerrequisite VALUES(230,280);
INSERT INTO subjects_prerrequisite VALUES(231,280);
INSERT INTO subjects_prerrequisite VALUES(232,280);
INSERT INTO subjects_prerrequisite VALUES(233,280);
INSERT INTO subjects_prerrequisite VALUES(234,280);
INSERT INTO subjects_prerrequisite VALUES(239,240);
INSERT INTO subjects_prerrequisite VALUES(261,240);
INSERT INTO subjects_prerrequisite VALUES(248,249);
INSERT INTO subjects_prerrequisite VALUES(237,255);
INSERT INTO subjects_prerrequisite VALUES(258,259);
INSERT INTO subjects_prerrequisite VALUES(239,259);
INSERT INTO subjects_prerrequisite VALUES(240,241);
INSERT INTO subjects_prerrequisite VALUES(240,242);
INSERT INTO subjects_prerrequisite VALUES(255,256);
INSERT INTO subjects_prerrequisite VALUES(255,271);
INSERT INTO subjects_prerrequisite VALUES(259,271);
INSERT INTO subjects_prerrequisite VALUES(240,279);
INSERT INTO subjects_prerrequisite VALUES(259,279);
INSERT INTO subjects_prerrequisite VALUES(241,238);
INSERT INTO subjects_prerrequisite VALUES(242,238);
INSERT INTO subjects_prerrequisite VALUES(241,244);
INSERT INTO subjects_prerrequisite VALUES(256,246);
INSERT INTO subjects_prerrequisite VALUES(271,246);
INSERT INTO subjects_prerrequisite VALUES(256,262);
INSERT INTO subjects_prerrequisite VALUES(279,273);
INSERT INTO subjects_prerrequisite VALUES(242,273);
INSERT INTO subjects_prerrequisite VALUES(244,245);
INSERT INTO subjects_prerrequisite VALUES(238,245);
INSERT INTO subjects_prerrequisite VALUES(246,247);
INSERT INTO subjects_prerrequisite VALUES(262,263);
INSERT INTO subjects_prerrequisite VALUES(244,266);
INSERT INTO subjects_prerrequisite VALUES(244,269);
INSERT INTO subjects_prerrequisite VALUES(266,253);
INSERT INTO subjects_prerrequisite VALUES(263,264);
INSERT INTO subjects_prerrequisite VALUES(247,270);
INSERT INTO subjects_prerrequisite VALUES(245,274);
INSERT INTO subjects_prerrequisite VALUES(247,277);
INSERT INTO subjects_prerrequisite VALUES(264,250);
INSERT INTO subjects_prerrequisite VALUES(277,252);
INSERT INTO subjects_prerrequisite VALUES(264,252);
INSERT INTO subjects_prerrequisite VALUES(253,260);
INSERT INTO subjects_prerrequisite VALUES(245,265);
INSERT INTO subjects_prerrequisite VALUES(269,265);
INSERT INTO subjects_prerrequisite VALUES(253,267);
INSERT INTO subjects_prerrequisite VALUES(273,278);
INSERT INTO subjects_prerrequisite VALUES(276,236);
INSERT INTO subjects_prerrequisite VALUES(250,251);
INSERT INTO subjects_prerrequisite VALUES(267,254);
INSERT INTO subjects_prerrequisite VALUES(265,268);
INSERT INTO subjects_prerrequisite VALUES(252,272);
INSERT INTO subjects_prerrequisite VALUES(278,272);
INSERT INTO subjects_prerrequisite VALUES(252,275);
INSERT INTO subjects_prerrequisite VALUES(281,287);
INSERT INTO subjects_prerrequisite VALUES(283,288);
INSERT INTO subjects_prerrequisite VALUES(285,289);
INSERT INTO subjects_prerrequisite VALUES(286,291);
INSERT INTO subjects_prerrequisite VALUES(289,295);
INSERT INTO subjects_prerrequisite VALUES(290,295);
INSERT INTO subjects_prerrequisite VALUES(292,297);
INSERT INTO subjects_prerrequisite VALUES(294,299);
INSERT INTO subjects_prerrequisite VALUES(297,302);
INSERT INTO subjects_prerrequisite VALUES(299,304);
INSERT INTO subjects_prerrequisite VALUES(296,305);
INSERT INTO subjects_prerrequisite VALUES(302,307);
INSERT INTO subjects_prerrequisite VALUES(303,308);
INSERT INTO subjects_prerrequisite VALUES(304,309);
INSERT INTO subjects_prerrequisite VALUES(305,310);
INSERT INTO subjects_prerrequisite VALUES(306,311);
INSERT INTO subjects_prerrequisite VALUES(307,312);
INSERT INTO subjects_prerrequisite VALUES(297,314);
INSERT INTO subjects_prerrequisite VALUES(308,315);
INSERT INTO subjects_prerrequisite VALUES(281,406);
INSERT INTO subjects_prerrequisite VALUES(287,406);
INSERT INTO subjects_prerrequisite VALUES(312,317);
INSERT INTO subjects_prerrequisite VALUES(315,318);
INSERT INTO subjects_prerrequisite VALUES(293,319);
INSERT INTO subjects_prerrequisite VALUES(314,320);
INSERT INTO subjects_prerrequisite VALUES(297,320);
INSERT INTO subjects_prerrequisite VALUES(307,321);
INSERT INTO subjects_prerrequisite VALUES(294,321);
INSERT INTO subjects_prerrequisite VALUES(322,328);
INSERT INTO subjects_prerrequisite VALUES(324,329);
INSERT INTO subjects_prerrequisite VALUES(326,330);
INSERT INTO subjects_prerrequisite VALUES(327,332);
INSERT INTO subjects_prerrequisite VALUES(330,336);
INSERT INTO subjects_prerrequisite VALUES(331,336);
INSERT INTO subjects_prerrequisite VALUES(333,338);
INSERT INTO subjects_prerrequisite VALUES(335,340);
INSERT INTO subjects_prerrequisite VALUES(338,343);
INSERT INTO subjects_prerrequisite VALUES(340,345);
INSERT INTO subjects_prerrequisite VALUES(337,346);
INSERT INTO subjects_prerrequisite VALUES(343,348);
INSERT INTO subjects_prerrequisite VALUES(344,349);
INSERT INTO subjects_prerrequisite VALUES(345,350);
INSERT INTO subjects_prerrequisite VALUES(346,351);
INSERT INTO subjects_prerrequisite VALUES(347,352);
INSERT INTO subjects_prerrequisite VALUES(348,353);
INSERT INTO subjects_prerrequisite VALUES(353,360);
INSERT INTO subjects_prerrequisite VALUES(322,355);
INSERT INTO subjects_prerrequisite VALUES(328,355);
INSERT INTO subjects_prerrequisite VALUES(350,356);
INSERT INTO subjects_prerrequisite VALUES(334,359);
INSERT INTO subjects_prerrequisite VALUES(339,361);
INSERT INTO subjects_prerrequisite VALUES(356,362);
INSERT INTO subjects_prerrequisite VALUES(334,363);
INSERT INTO subjects_prerrequisite VALUES(364,370);
INSERT INTO subjects_prerrequisite VALUES(366,371);
INSERT INTO subjects_prerrequisite VALUES(368,372);
INSERT INTO subjects_prerrequisite VALUES(369,374);
INSERT INTO subjects_prerrequisite VALUES(372,378);
INSERT INTO subjects_prerrequisite VALUES(373,378);
INSERT INTO subjects_prerrequisite VALUES(375,380);
INSERT INTO subjects_prerrequisite VALUES(377,382);
INSERT INTO subjects_prerrequisite VALUES(380,385);
INSERT INTO subjects_prerrequisite VALUES(382,387);
INSERT INTO subjects_prerrequisite VALUES(379,388);
INSERT INTO subjects_prerrequisite VALUES(385,390);
INSERT INTO subjects_prerrequisite VALUES(386,391);
INSERT INTO subjects_prerrequisite VALUES(387,392);
INSERT INTO subjects_prerrequisite VALUES(388,393);
INSERT INTO subjects_prerrequisite VALUES(389,394);
INSERT INTO subjects_prerrequisite VALUES(394,402);
INSERT INTO subjects_prerrequisite VALUES(364,397);
INSERT INTO subjects_prerrequisite VALUES(370,397);
INSERT INTO subjects_prerrequisite VALUES(394,400);
INSERT INTO subjects_prerrequisite VALUES(381,401);
INSERT INTO subjects_prerrequisite VALUES(396,402);
INSERT INTO subjects_prerrequisite VALUES(376,403);
INSERT INTO subjects_prerrequisite VALUES(400,404);
INSERT INTO subjects_prerrequisite VALUES(376,405);
INSERT INTO subjects_prerrequisite VALUES(138,139);
INSERT INTO subjects_prerrequisite VALUES(165,139);
INSERT INTO subjects_prerrequisite VALUES(138,140);
INSERT INTO subjects_prerrequisite VALUES(165,142);
INSERT INTO subjects_prerrequisite VALUES(141,142);
INSERT INTO subjects_prerrequisite VALUES(141,161);
INSERT INTO subjects_prerrequisite VALUES(141,162);
INSERT INTO subjects_prerrequisite VALUES(152,188);
INSERT INTO subjects_prerrequisite VALUES(169,170);
INSERT INTO subjects_prerrequisite VALUES(142,143);
INSERT INTO subjects_prerrequisite VALUES(142,144);
INSERT INTO subjects_prerrequisite VALUES(142,149);
INSERT INTO subjects_prerrequisite VALUES(162,149);
INSERT INTO subjects_prerrequisite VALUES(162,187);
INSERT INTO subjects_prerrequisite VALUES(191,187);
INSERT INTO subjects_prerrequisite VALUES(140,190);
INSERT INTO subjects_prerrequisite VALUES(170,171);
INSERT INTO subjects_prerrequisite VALUES(144,145);
INSERT INTO subjects_prerrequisite VALUES(149,150);
INSERT INTO subjects_prerrequisite VALUES(190,153);
INSERT INTO subjects_prerrequisite VALUES(188,153);
INSERT INTO subjects_prerrequisite VALUES(143,189);
INSERT INTO subjects_prerrequisite VALUES(162,163);
INSERT INTO subjects_prerrequisite VALUES(142,163);
INSERT INTO subjects_prerrequisite VALUES(143,164);
INSERT INTO subjects_prerrequisite VALUES(161,177);
INSERT INTO subjects_prerrequisite VALUES(143,177);
INSERT INTO subjects_prerrequisite VALUES(180,192);
INSERT INTO subjects_prerrequisite VALUES(171,172);
INSERT INTO subjects_prerrequisite VALUES(145,146);
INSERT INTO subjects_prerrequisite VALUES(175,147);
INSERT INTO subjects_prerrequisite VALUES(192,147);
INSERT INTO subjects_prerrequisite VALUES(177,156);
INSERT INTO subjects_prerrequisite VALUES(192,157);
INSERT INTO subjects_prerrequisite VALUES(150,176);
INSERT INTO subjects_prerrequisite VALUES(144,178);
INSERT INTO subjects_prerrequisite VALUES(164,178);
INSERT INTO subjects_prerrequisite VALUES(164,195);
INSERT INTO subjects_prerrequisite VALUES(175,195);
INSERT INTO subjects_prerrequisite VALUES(172,173);
INSERT INTO subjects_prerrequisite VALUES(157,158);
INSERT INTO subjects_prerrequisite VALUES(147,158);
INSERT INTO subjects_prerrequisite VALUES(178,135);
INSERT INTO subjects_prerrequisite VALUES(178,179);
INSERT INTO subjects_prerrequisite VALUES(146,193);
INSERT INTO subjects_prerrequisite VALUES(195,196);
INSERT INTO subjects_prerrequisite VALUES(173,174);
INSERT INTO subjects_prerrequisite VALUES(135,136);
INSERT INTO subjects_prerrequisite VALUES(179,136);
INSERT INTO subjects_prerrequisite VALUES(158,159);
INSERT INTO subjects_prerrequisite VALUES(176,181);
INSERT INTO subjects_prerrequisite VALUES(196,181);
INSERT INTO subjects_prerrequisite VALUES(156,181);
INSERT INTO subjects_prerrequisite VALUES(193,194);
INSERT INTO subjects_prerrequisite VALUES(153,160);
INSERT INTO subjects_prerrequisite VALUES(159,160);
INSERT INTO subjects_prerrequisite VALUES(181,182);
INSERT INTO subjects_prerrequisite VALUES(154,184);
INSERT INTO subjects_prerrequisite VALUES(167,166);
INSERT INTO subjects_prerrequisite VALUES(167,168);
INSERT INTO subjects_prerrequisite VALUES(183,168);
INSERT INTO subjects_prerrequisite VALUES(167,185);
INSERT INTO subjects_prerrequisite VALUES(189,185);
INSERT INTO subjects_prerrequisite VALUES(155,183);
INSERT INTO subjects_prerrequisite VALUES(163,183);
INSERT INTO subjects_prerrequisite VALUES(194,183);
INSERT INTO subjects_prerrequisite VALUES(136,151);
INSERT INTO subjects_prerrequisite VALUES(160,151);
INSERT INTO subjects_prerrequisite VALUES(182,167);
INSERT INTO subjects_prerrequisite VALUES(135,154);
INSERT INTO subjects_prerrequisite VALUES(137,154);
INSERT INTO subjects_prerrequisite VALUES(138,154);
INSERT INTO subjects_prerrequisite VALUES(141,154);
INSERT INTO subjects_prerrequisite VALUES(142,154);
INSERT INTO subjects_prerrequisite VALUES(143,154);
INSERT INTO subjects_prerrequisite VALUES(144,154);
INSERT INTO subjects_prerrequisite VALUES(145,154);
INSERT INTO subjects_prerrequisite VALUES(146,154);
INSERT INTO subjects_prerrequisite VALUES(165,154);
INSERT INTO subjects_prerrequisite VALUES(152,154);
INSERT INTO subjects_prerrequisite VALUES(191,154);
INSERT INTO subjects_prerrequisite VALUES(148,154);
INSERT INTO subjects_prerrequisite VALUES(169,154);
INSERT INTO subjects_prerrequisite VALUES(170,154);
INSERT INTO subjects_prerrequisite VALUES(171,154);
INSERT INTO subjects_prerrequisite VALUES(172,154);
INSERT INTO subjects_prerrequisite VALUES(173,154);
INSERT INTO subjects_prerrequisite VALUES(174,154);
INSERT INTO subjects_prerrequisite VALUES(139,154);
INSERT INTO subjects_prerrequisite VALUES(140,154);
INSERT INTO subjects_prerrequisite VALUES(186,154);
INSERT INTO subjects_prerrequisite VALUES(161,154);
INSERT INTO subjects_prerrequisite VALUES(162,154);
INSERT INTO subjects_prerrequisite VALUES(163,154);
INSERT INTO subjects_prerrequisite VALUES(164,154);
INSERT INTO subjects_prerrequisite VALUES(188,154);
INSERT INTO subjects_prerrequisite VALUES(175,154);
INSERT INTO subjects_prerrequisite VALUES(149,154);
INSERT INTO subjects_prerrequisite VALUES(150,154);
INSERT INTO subjects_prerrequisite VALUES(187,154);
INSERT INTO subjects_prerrequisite VALUES(190,154);
INSERT INTO subjects_prerrequisite VALUES(180,154);
INSERT INTO subjects_prerrequisite VALUES(189,154);
INSERT INTO subjects_prerrequisite VALUES(153,154);
INSERT INTO subjects_prerrequisite VALUES(155,154);
INSERT INTO subjects_prerrequisite VALUES(192,154);
INSERT INTO subjects_prerrequisite VALUES(177,154);
INSERT INTO subjects_prerrequisite VALUES(147,154);
INSERT INTO subjects_prerrequisite VALUES(156,154);
INSERT INTO subjects_prerrequisite VALUES(157,154);
INSERT INTO subjects_prerrequisite VALUES(158,154);
INSERT INTO subjects_prerrequisite VALUES(159,154);
INSERT INTO subjects_prerrequisite VALUES(178,154);
INSERT INTO subjects_prerrequisite VALUES(179,154);
INSERT INTO subjects_prerrequisite VALUES(136,154);
INSERT INTO subjects_prerrequisite VALUES(181,154);
INSERT INTO subjects_prerrequisite VALUES(193,154);
INSERT INTO subjects_prerrequisite VALUES(194,154);
INSERT INTO subjects_prerrequisite VALUES(195,154);
INSERT INTO subjects_prerrequisite VALUES(196,154);
INSERT INTO subjects_prerrequisite VALUES(176,154);
INSERT INTO subjects_prerrequisite VALUES(465,474);
INSERT INTO subjects_prerrequisite VALUES(469,474);
INSERT INTO subjects_prerrequisite VALUES(466,474);
INSERT INTO subjects_prerrequisite VALUES(466,475);
INSERT INTO subjects_prerrequisite VALUES(466,476);
INSERT INTO subjects_prerrequisite VALUES(470,477);
INSERT INTO subjects_prerrequisite VALUES(472,478);
INSERT INTO subjects_prerrequisite VALUES(474,479);
INSERT INTO subjects_prerrequisite VALUES(474,480);
INSERT INTO subjects_prerrequisite VALUES(474,481);
INSERT INTO subjects_prerrequisite VALUES(476,481);
INSERT INTO subjects_prerrequisite VALUES(474,482);
INSERT INTO subjects_prerrequisite VALUES(475,482);
INSERT INTO subjects_prerrequisite VALUES(476,482);
INSERT INTO subjects_prerrequisite VALUES(476,483);
INSERT INTO subjects_prerrequisite VALUES(473,483);
INSERT INTO subjects_prerrequisite VALUES(480,484);
INSERT INTO subjects_prerrequisite VALUES(481,485);
INSERT INTO subjects_prerrequisite VALUES(481,486);
INSERT INTO subjects_prerrequisite VALUES(483,486);
INSERT INTO subjects_prerrequisite VALUES(482,487);
INSERT INTO subjects_prerrequisite VALUES(480,487);
INSERT INTO subjects_prerrequisite VALUES(482,488);
INSERT INTO subjects_prerrequisite VALUES(484,489);
INSERT INTO subjects_prerrequisite VALUES(484,490);
INSERT INTO subjects_prerrequisite VALUES(486,491);
INSERT INTO subjects_prerrequisite VALUES(486,492);
INSERT INTO subjects_prerrequisite VALUES(484,493);
INSERT INTO subjects_prerrequisite VALUES(488,494);
INSERT INTO subjects_prerrequisite VALUES(473,495);
INSERT INTO subjects_prerrequisite VALUES(486,495);
INSERT INTO subjects_prerrequisite VALUES(491,496);
INSERT INTO subjects_prerrequisite VALUES(492,497);
INSERT INTO subjects_prerrequisite VALUES(494,498);
INSERT INTO subjects_prerrequisite VALUES(467,499);
INSERT INTO subjects_prerrequisite VALUES(493,499);
INSERT INTO subjects_prerrequisite VALUES(489,500);
INSERT INTO subjects_prerrequisite VALUES(490,501);
INSERT INTO subjects_prerrequisite VALUES(495,502);
INSERT INTO subjects_prerrequisite VALUES(497,503);
INSERT INTO subjects_prerrequisite VALUES(495,503);
INSERT INTO subjects_prerrequisite VALUES(496,503);
INSERT INTO subjects_prerrequisite VALUES(498,504);
INSERT INTO subjects_prerrequisite VALUES(498,505);
INSERT INTO subjects_prerrequisite VALUES(501,506);
INSERT INTO subjects_prerrequisite VALUES(496,507);
INSERT INTO subjects_prerrequisite VALUES(495,508);
INSERT INTO subjects_prerrequisite VALUES(503,509);
INSERT INTO subjects_prerrequisite VALUES(504,510);
INSERT INTO subjects_prerrequisite VALUES(495,511);
INSERT INTO subjects_prerrequisite VALUES(507,512);
INSERT INTO subjects_prerrequisite VALUES(512,514);
INSERT INTO subjects_prerrequisite VALUES(499,515);
INSERT INTO subjects_prerrequisite VALUES(509,516);
INSERT INTO subjects_prerrequisite VALUES(509,517);
INSERT INTO subjects_prerrequisite VALUES(509,518);
INSERT INTO subjects_prerrequisite VALUES(515,519);
INSERT INTO subjects_prerrequisite VALUES(513,520);
INSERT INTO subjects_prerrequisite VALUES(513,521);
INSERT INTO subjects_prerrequisite VALUES(513,522);
INSERT INTO subjects_prerrequisite VALUES(465,513);
INSERT INTO subjects_prerrequisite VALUES(466,513);
INSERT INTO subjects_prerrequisite VALUES(467,513);
INSERT INTO subjects_prerrequisite VALUES(468,513);
INSERT INTO subjects_prerrequisite VALUES(469,513);
INSERT INTO subjects_prerrequisite VALUES(470,513);
INSERT INTO subjects_prerrequisite VALUES(471,513);
INSERT INTO subjects_prerrequisite VALUES(472,513);
INSERT INTO subjects_prerrequisite VALUES(473,513);
INSERT INTO subjects_prerrequisite VALUES(474,513);
INSERT INTO subjects_prerrequisite VALUES(475,513);
INSERT INTO subjects_prerrequisite VALUES(476,513);
INSERT INTO subjects_prerrequisite VALUES(477,513);
INSERT INTO subjects_prerrequisite VALUES(478,513);
INSERT INTO subjects_prerrequisite VALUES(479,513);
INSERT INTO subjects_prerrequisite VALUES(480,513);
INSERT INTO subjects_prerrequisite VALUES(481,513);
INSERT INTO subjects_prerrequisite VALUES(482,513);
INSERT INTO subjects_prerrequisite VALUES(483,513);
INSERT INTO subjects_prerrequisite VALUES(484,513);
INSERT INTO subjects_prerrequisite VALUES(485,513);
INSERT INTO subjects_prerrequisite VALUES(486,513);
INSERT INTO subjects_prerrequisite VALUES(487,513);
INSERT INTO subjects_prerrequisite VALUES(488,513);
INSERT INTO subjects_prerrequisite VALUES(489,513);
INSERT INTO subjects_prerrequisite VALUES(490,513);
INSERT INTO subjects_prerrequisite VALUES(491,513);
INSERT INTO subjects_prerrequisite VALUES(492,513);
INSERT INTO subjects_prerrequisite VALUES(493,513);
INSERT INTO subjects_prerrequisite VALUES(494,513);
INSERT INTO subjects_prerrequisite VALUES(495,513);
INSERT INTO subjects_prerrequisite VALUES(496,513);
INSERT INTO subjects_prerrequisite VALUES(497,513);
INSERT INTO subjects_prerrequisite VALUES(498,513);
INSERT INTO subjects_prerrequisite VALUES(499,513);
INSERT INTO subjects_prerrequisite VALUES(500,513);
INSERT INTO subjects_prerrequisite VALUES(501,513);
INSERT INTO subjects_prerrequisite VALUES(502,513);
INSERT INTO subjects_prerrequisite VALUES(503,513);
INSERT INTO subjects_prerrequisite VALUES(504,513);
INSERT INTO subjects_prerrequisite VALUES(505,513);
INSERT INTO subjects_prerrequisite VALUES(506,513);
INSERT INTO subjects_prerrequisite VALUES(507,513);
INSERT INTO subjects_prerrequisite VALUES(508,513);
INSERT INTO subjects_prerrequisite VALUES(509,513);
INSERT INTO subjects_prerrequisite VALUES(510,513);
INSERT INTO subjects_prerrequisite VALUES(511,513);
INSERT INTO subjects_prerrequisite VALUES(512,513);
INSERT INTO subjects_prerrequisite VALUES(582,591);
INSERT INTO subjects_prerrequisite VALUES(586,591);
INSERT INTO subjects_prerrequisite VALUES(583,591);
INSERT INTO subjects_prerrequisite VALUES(583,592);
INSERT INTO subjects_prerrequisite VALUES(583,593);
INSERT INTO subjects_prerrequisite VALUES(587,594);
INSERT INTO subjects_prerrequisite VALUES(589,595);
INSERT INTO subjects_prerrequisite VALUES(591,596);
INSERT INTO subjects_prerrequisite VALUES(591,597);
INSERT INTO subjects_prerrequisite VALUES(591,598);
INSERT INTO subjects_prerrequisite VALUES(593,598);
INSERT INTO subjects_prerrequisite VALUES(591,599);
INSERT INTO subjects_prerrequisite VALUES(592,599);
INSERT INTO subjects_prerrequisite VALUES(593,599);
INSERT INTO subjects_prerrequisite VALUES(593,600);
INSERT INTO subjects_prerrequisite VALUES(590,600);
INSERT INTO subjects_prerrequisite VALUES(597,601);
INSERT INTO subjects_prerrequisite VALUES(598,602);
INSERT INTO subjects_prerrequisite VALUES(598,603);
INSERT INTO subjects_prerrequisite VALUES(600,603);
INSERT INTO subjects_prerrequisite VALUES(599,604);
INSERT INTO subjects_prerrequisite VALUES(597,604);
INSERT INTO subjects_prerrequisite VALUES(599,605);
INSERT INTO subjects_prerrequisite VALUES(601,606);
INSERT INTO subjects_prerrequisite VALUES(601,607);
INSERT INTO subjects_prerrequisite VALUES(608,612);
INSERT INTO subjects_prerrequisite VALUES(609,613);
INSERT INTO subjects_prerrequisite VALUES(611,614);
INSERT INTO subjects_prerrequisite VALUES(584,615);
INSERT INTO subjects_prerrequisite VALUES(610,615);
INSERT INTO subjects_prerrequisite VALUES(606,616);
INSERT INTO subjects_prerrequisite VALUES(607,617);
INSERT INTO subjects_prerrequisite VALUES(610,618);
INSERT INTO subjects_prerrequisite VALUES(613,618);
INSERT INTO subjects_prerrequisite VALUES(612,619);
INSERT INTO subjects_prerrequisite VALUES(617,620);
INSERT INTO subjects_prerrequisite VALUES(613,621);
INSERT INTO subjects_prerrequisite VALUES(612,622);
INSERT INTO subjects_prerrequisite VALUES(612,623);
INSERT INTO subjects_prerrequisite VALUES(621,624);
INSERT INTO subjects_prerrequisite VALUES(618,625);
INSERT INTO subjects_prerrequisite VALUES(619,626);
INSERT INTO subjects_prerrequisite VALUES(619,627);
INSERT INTO subjects_prerrequisite VALUES(621,628);
INSERT INTO subjects_prerrequisite VALUES(622,629);
INSERT INTO subjects_prerrequisite VALUES(629,631);
INSERT INTO subjects_prerrequisite VALUES(633,624);
INSERT INTO subjects_prerrequisite VALUES(632,624);
INSERT INTO subjects_prerrequisite VALUES(615,634);
INSERT INTO subjects_prerrequisite VALUES(627,635);
INSERT INTO subjects_prerrequisite VALUES(634,636);
INSERT INTO subjects_prerrequisite VALUES(630,637);
INSERT INTO subjects_prerrequisite VALUES(630,638);
INSERT INTO subjects_prerrequisite VALUES(630,639);
INSERT INTO subjects_prerrequisite VALUES(582,630);
INSERT INTO subjects_prerrequisite VALUES(583,630);
INSERT INTO subjects_prerrequisite VALUES(584,630);
INSERT INTO subjects_prerrequisite VALUES(585,630);
INSERT INTO subjects_prerrequisite VALUES(586,630);
INSERT INTO subjects_prerrequisite VALUES(587,630);
INSERT INTO subjects_prerrequisite VALUES(588,630);
INSERT INTO subjects_prerrequisite VALUES(589,630);
INSERT INTO subjects_prerrequisite VALUES(590,630);
INSERT INTO subjects_prerrequisite VALUES(591,630);
INSERT INTO subjects_prerrequisite VALUES(592,630);
INSERT INTO subjects_prerrequisite VALUES(593,630);
INSERT INTO subjects_prerrequisite VALUES(594,630);
INSERT INTO subjects_prerrequisite VALUES(595,630);
INSERT INTO subjects_prerrequisite VALUES(596,630);
INSERT INTO subjects_prerrequisite VALUES(597,630);
INSERT INTO subjects_prerrequisite VALUES(598,630);
INSERT INTO subjects_prerrequisite VALUES(599,630);
INSERT INTO subjects_prerrequisite VALUES(600,630);
INSERT INTO subjects_prerrequisite VALUES(601,630);
INSERT INTO subjects_prerrequisite VALUES(602,630);
INSERT INTO subjects_prerrequisite VALUES(603,630);
INSERT INTO subjects_prerrequisite VALUES(604,630);
INSERT INTO subjects_prerrequisite VALUES(605,630);
INSERT INTO subjects_prerrequisite VALUES(606,630);
INSERT INTO subjects_prerrequisite VALUES(607,630);
INSERT INTO subjects_prerrequisite VALUES(608,630);
INSERT INTO subjects_prerrequisite VALUES(609,630);
INSERT INTO subjects_prerrequisite VALUES(610,630);
INSERT INTO subjects_prerrequisite VALUES(611,630);
INSERT INTO subjects_prerrequisite VALUES(612,630);
INSERT INTO subjects_prerrequisite VALUES(613,630);
INSERT INTO subjects_prerrequisite VALUES(614,630);
INSERT INTO subjects_prerrequisite VALUES(615,630);
INSERT INTO subjects_prerrequisite VALUES(616,630);
INSERT INTO subjects_prerrequisite VALUES(617,630);
INSERT INTO subjects_prerrequisite VALUES(618,630);
INSERT INTO subjects_prerrequisite VALUES(619,630);
INSERT INTO subjects_prerrequisite VALUES(620,630);
INSERT INTO subjects_prerrequisite VALUES(621,630);
INSERT INTO subjects_prerrequisite VALUES(622,630);
INSERT INTO subjects_prerrequisite VALUES(623,630);
INSERT INTO subjects_prerrequisite VALUES(624,630);
INSERT INTO subjects_prerrequisite VALUES(625,630);
INSERT INTO subjects_prerrequisite VALUES(626,630);
INSERT INTO subjects_prerrequisite VALUES(627,630);
INSERT INTO subjects_prerrequisite VALUES(628,630);
INSERT INTO subjects_prerrequisite VALUES(629,630);
INSERT INTO subjects_prerrequisite VALUES(747,753);
INSERT INTO subjects_prerrequisite VALUES(746,754);
INSERT INTO subjects_prerrequisite VALUES(747,755);
INSERT INTO subjects_prerrequisite VALUES(749,755);
INSERT INTO subjects_prerrequisite VALUES(746,755);
INSERT INTO subjects_prerrequisite VALUES(747,756);
INSERT INTO subjects_prerrequisite VALUES(748,757);
INSERT INTO subjects_prerrequisite VALUES(751,758);
INSERT INTO subjects_prerrequisite VALUES(748,759);
INSERT INTO subjects_prerrequisite VALUES(752,760);
INSERT INTO subjects_prerrequisite VALUES(757,760);
INSERT INTO subjects_prerrequisite VALUES(757,761);
INSERT INTO subjects_prerrequisite VALUES(755,762);
INSERT INTO subjects_prerrequisite VALUES(756,763);
INSERT INTO subjects_prerrequisite VALUES(759,764);
INSERT INTO subjects_prerrequisite VALUES(758,765);
INSERT INTO subjects_prerrequisite VALUES(754,767);
INSERT INTO subjects_prerrequisite VALUES(766,767);
INSERT INTO subjects_prerrequisite VALUES(760,768);
INSERT INTO subjects_prerrequisite VALUES(766,769);
INSERT INTO subjects_prerrequisite VALUES(762,770);
INSERT INTO subjects_prerrequisite VALUES(764,771);
INSERT INTO subjects_prerrequisite VALUES(750,772);
INSERT INTO subjects_prerrequisite VALUES(765,773);
INSERT INTO subjects_prerrequisite VALUES(761,774);
INSERT INTO subjects_prerrequisite VALUES(768,774);
INSERT INTO subjects_prerrequisite VALUES(773,782);
INSERT INTO subjects_prerrequisite VALUES(771,776);
INSERT INTO subjects_prerrequisite VALUES(770,777);
INSERT INTO subjects_prerrequisite VALUES(769,777);
INSERT INTO subjects_prerrequisite VALUES(764,778);
INSERT INTO subjects_prerrequisite VALUES(760,778);
INSERT INTO subjects_prerrequisite VALUES(764,779);
INSERT INTO subjects_prerrequisite VALUES(773,779);
INSERT INTO subjects_prerrequisite VALUES(767,780);
INSERT INTO subjects_prerrequisite VALUES(764,781);
INSERT INTO subjects_prerrequisite VALUES(775,782);
INSERT INTO subjects_prerrequisite VALUES(780,783);
INSERT INTO subjects_prerrequisite VALUES(778,783);
INSERT INTO subjects_prerrequisite VALUES(777,784);
INSERT INTO subjects_prerrequisite VALUES(780,784);
INSERT INTO subjects_prerrequisite VALUES(778,785);
INSERT INTO subjects_prerrequisite VALUES(778,786);
INSERT INTO subjects_prerrequisite VALUES(776,786);
INSERT INTO subjects_prerrequisite VALUES(774,787);
INSERT INTO subjects_prerrequisite VALUES(784,788);
INSERT INTO subjects_prerrequisite VALUES(785,789);
INSERT INTO subjects_prerrequisite VALUES(781,790);
INSERT INTO subjects_prerrequisite VALUES(778,791);
INSERT INTO subjects_prerrequisite VALUES(776,791);
INSERT INTO subjects_prerrequisite VALUES(785,792);
INSERT INTO subjects_prerrequisite VALUES(787,792);
INSERT INTO subjects_prerrequisite VALUES(784,793);
INSERT INTO subjects_prerrequisite VALUES(786,794);
INSERT INTO subjects_prerrequisite VALUES(788,795);
INSERT INTO subjects_prerrequisite VALUES(789,798);
INSERT INTO subjects_prerrequisite VALUES(767,798);
INSERT INTO subjects_prerrequisite VALUES(792,799);
INSERT INTO subjects_prerrequisite VALUES(791,799);
INSERT INTO subjects_prerrequisite VALUES(792,800);
INSERT INTO subjects_prerrequisite VALUES(798,802);
INSERT INTO subjects_prerrequisite VALUES(795,807);
INSERT INTO subjects_prerrequisite VALUES(799,807);
INSERT INTO subjects_prerrequisite VALUES(798,807);
INSERT INTO subjects_prerrequisite VALUES(800,805);
INSERT INTO subjects_prerrequisite VALUES(805,808);
INSERT INTO subjects_prerrequisite VALUES(792,811);
INSERT INTO subjects_prerrequisite VALUES(802,811);
INSERT INTO subjects_prerrequisite VALUES(800,812);
INSERT INTO subjects_prerrequisite VALUES(802,812);
INSERT INTO subjects_prerrequisite VALUES(524,532);
INSERT INTO subjects_prerrequisite VALUES(527,532);
INSERT INTO subjects_prerrequisite VALUES(523,532);
INSERT INTO subjects_prerrequisite VALUES(524,533);
INSERT INTO subjects_prerrequisite VALUES(524,534);
INSERT INTO subjects_prerrequisite VALUES(528,535);
INSERT INTO subjects_prerrequisite VALUES(530,536);
INSERT INTO subjects_prerrequisite VALUES(532,537);
INSERT INTO subjects_prerrequisite VALUES(532,538);
INSERT INTO subjects_prerrequisite VALUES(532,539);
INSERT INTO subjects_prerrequisite VALUES(534,539);
INSERT INTO subjects_prerrequisite VALUES(532,540);
INSERT INTO subjects_prerrequisite VALUES(534,540);
INSERT INTO subjects_prerrequisite VALUES(533,540);
INSERT INTO subjects_prerrequisite VALUES(534,541);
INSERT INTO subjects_prerrequisite VALUES(531,541);
INSERT INTO subjects_prerrequisite VALUES(538,542);
INSERT INTO subjects_prerrequisite VALUES(539,543);
INSERT INTO subjects_prerrequisite VALUES(539,544);
INSERT INTO subjects_prerrequisite VALUES(541,544);
INSERT INTO subjects_prerrequisite VALUES(540,545);
INSERT INTO subjects_prerrequisite VALUES(538,545);
INSERT INTO subjects_prerrequisite VALUES(540,546);
INSERT INTO subjects_prerrequisite VALUES(542,547);
INSERT INTO subjects_prerrequisite VALUES(542,548);
INSERT INTO subjects_prerrequisite VALUES(530,549);
INSERT INTO subjects_prerrequisite VALUES(544,550);
INSERT INTO subjects_prerrequisite VALUES(542,551);
INSERT INTO subjects_prerrequisite VALUES(546,552);
INSERT INTO subjects_prerrequisite VALUES(550,553);
INSERT INTO subjects_prerrequisite VALUES(543,554);
INSERT INTO subjects_prerrequisite VALUES(552,555);
INSERT INTO subjects_prerrequisite VALUES(525,556);
INSERT INTO subjects_prerrequisite VALUES(551,556);
INSERT INTO subjects_prerrequisite VALUES(549,557);
INSERT INTO subjects_prerrequisite VALUES(547,558);
INSERT INTO subjects_prerrequisite VALUES(554,559);
INSERT INTO subjects_prerrequisite VALUES(552,561);
INSERT INTO subjects_prerrequisite VALUES(552,562);
INSERT INTO subjects_prerrequisite VALUES(553,563);
INSERT INTO subjects_prerrequisite VALUES(555,564);
INSERT INTO subjects_prerrequisite VALUES(559,565);
INSERT INTO subjects_prerrequisite VALUES(560,566);
INSERT INTO subjects_prerrequisite VALUES(561,567);
INSERT INTO subjects_prerrequisite VALUES(560,568);
INSERT INTO subjects_prerrequisite VALUES(563,569);
INSERT INTO subjects_prerrequisite VALUES(560,569);
INSERT INTO subjects_prerrequisite VALUES(563,570);
INSERT INTO subjects_prerrequisite VALUES(565,571);
INSERT INTO subjects_prerrequisite VALUES(556,572);
INSERT INTO subjects_prerrequisite VALUES(570,573);
INSERT INTO subjects_prerrequisite VALUES(569,574);
INSERT INTO subjects_prerrequisite VALUES(560,575);
INSERT INTO subjects_prerrequisite VALUES(570,576);
INSERT INTO subjects_prerrequisite VALUES(568,576);
INSERT INTO subjects_prerrequisite VALUES(551,577);
INSERT INTO subjects_prerrequisite VALUES(574,577);
INSERT INTO subjects_prerrequisite VALUES(562,578);
INSERT INTO subjects_prerrequisite VALUES(567,578);
INSERT INTO subjects_prerrequisite VALUES(571,579);
INSERT INTO subjects_prerrequisite VALUES(551,579);
INSERT INTO subjects_prerrequisite VALUES(574,580);
INSERT INTO subjects_prerrequisite VALUES(572,581);
INSERT INTO subjects_prerrequisite VALUES(408,416);
INSERT INTO subjects_prerrequisite VALUES(411,416);
INSERT INTO subjects_prerrequisite VALUES(407,416);
INSERT INTO subjects_prerrequisite VALUES(408,417);
INSERT INTO subjects_prerrequisite VALUES(408,418);
INSERT INTO subjects_prerrequisite VALUES(412,419);
INSERT INTO subjects_prerrequisite VALUES(414,420);
INSERT INTO subjects_prerrequisite VALUES(416,421);
INSERT INTO subjects_prerrequisite VALUES(416,422);
INSERT INTO subjects_prerrequisite VALUES(416,423);
INSERT INTO subjects_prerrequisite VALUES(418,423);
INSERT INTO subjects_prerrequisite VALUES(416,424);
INSERT INTO subjects_prerrequisite VALUES(418,424);
INSERT INTO subjects_prerrequisite VALUES(417,424);
INSERT INTO subjects_prerrequisite VALUES(418,425);
INSERT INTO subjects_prerrequisite VALUES(415,425);
INSERT INTO subjects_prerrequisite VALUES(422,426);
INSERT INTO subjects_prerrequisite VALUES(423,427);
INSERT INTO subjects_prerrequisite VALUES(423,428);
INSERT INTO subjects_prerrequisite VALUES(425,428);
INSERT INTO subjects_prerrequisite VALUES(424,429);
INSERT INTO subjects_prerrequisite VALUES(422,429);
INSERT INTO subjects_prerrequisite VALUES(424,430);
INSERT INTO subjects_prerrequisite VALUES(428,433);
INSERT INTO subjects_prerrequisite VALUES(428,434);
INSERT INTO subjects_prerrequisite VALUES(426,435);
INSERT INTO subjects_prerrequisite VALUES(426,431);
INSERT INTO subjects_prerrequisite VALUES(430,436);
INSERT INTO subjects_prerrequisite VALUES(433,437);
INSERT INTO subjects_prerrequisite VALUES(434,438);
INSERT INTO subjects_prerrequisite VALUES(436,439);
INSERT INTO subjects_prerrequisite VALUES(409,440);
INSERT INTO subjects_prerrequisite VALUES(435,440);
INSERT INTO subjects_prerrequisite VALUES(431,441);
INSERT INTO subjects_prerrequisite VALUES(432,442);
INSERT INTO subjects_prerrequisite VALUES(438,443);
INSERT INTO subjects_prerrequisite VALUES(437,444);
INSERT INTO subjects_prerrequisite VALUES(438,445);
INSERT INTO subjects_prerrequisite VALUES(442,446);
INSERT INTO subjects_prerrequisite VALUES(437,447);
INSERT INTO subjects_prerrequisite VALUES(437,448);
INSERT INTO subjects_prerrequisite VALUES(444,449);
INSERT INTO subjects_prerrequisite VALUES(443,450);
INSERT INTO subjects_prerrequisite VALUES(445,451);
INSERT INTO subjects_prerrequisite VALUES(444,451);
INSERT INTO subjects_prerrequisite VALUES(445,452);
INSERT INTO subjects_prerrequisite VALUES(444,452);
INSERT INTO subjects_prerrequisite VALUES(443,453);
INSERT INTO subjects_prerrequisite VALUES(447,454);
INSERT INTO subjects_prerrequisite VALUES(407,455);
INSERT INTO subjects_prerrequisite VALUES(408,455);
INSERT INTO subjects_prerrequisite VALUES(409,455);
INSERT INTO subjects_prerrequisite VALUES(411,455);
INSERT INTO subjects_prerrequisite VALUES(410,455);
INSERT INTO subjects_prerrequisite VALUES(412,455);
INSERT INTO subjects_prerrequisite VALUES(413,455);
INSERT INTO subjects_prerrequisite VALUES(414,455);
INSERT INTO subjects_prerrequisite VALUES(415,455);
INSERT INTO subjects_prerrequisite VALUES(416,455);
INSERT INTO subjects_prerrequisite VALUES(417,455);
INSERT INTO subjects_prerrequisite VALUES(418,455);
INSERT INTO subjects_prerrequisite VALUES(419,455);
INSERT INTO subjects_prerrequisite VALUES(420,455);
INSERT INTO subjects_prerrequisite VALUES(421,455);
INSERT INTO subjects_prerrequisite VALUES(422,455);
INSERT INTO subjects_prerrequisite VALUES(423,455);
INSERT INTO subjects_prerrequisite VALUES(424,455);
INSERT INTO subjects_prerrequisite VALUES(425,455);
INSERT INTO subjects_prerrequisite VALUES(426,455);
INSERT INTO subjects_prerrequisite VALUES(427,455);
INSERT INTO subjects_prerrequisite VALUES(428,455);
INSERT INTO subjects_prerrequisite VALUES(429,455);
INSERT INTO subjects_prerrequisite VALUES(430,455);
INSERT INTO subjects_prerrequisite VALUES(433,455);
INSERT INTO subjects_prerrequisite VALUES(434,455);
INSERT INTO subjects_prerrequisite VALUES(435,455);
INSERT INTO subjects_prerrequisite VALUES(431,455);
INSERT INTO subjects_prerrequisite VALUES(436,455);
INSERT INTO subjects_prerrequisite VALUES(437,455);
INSERT INTO subjects_prerrequisite VALUES(438,455);
INSERT INTO subjects_prerrequisite VALUES(439,455);
INSERT INTO subjects_prerrequisite VALUES(440,455);
INSERT INTO subjects_prerrequisite VALUES(441,455);
INSERT INTO subjects_prerrequisite VALUES(442,455);
INSERT INTO subjects_prerrequisite VALUES(443,455);
INSERT INTO subjects_prerrequisite VALUES(444,455);
INSERT INTO subjects_prerrequisite VALUES(445,455);
INSERT INTO subjects_prerrequisite VALUES(446,455);
INSERT INTO subjects_prerrequisite VALUES(447,455);
INSERT INTO subjects_prerrequisite VALUES(448,455);
INSERT INTO subjects_prerrequisite VALUES(449,455);
INSERT INTO subjects_prerrequisite VALUES(450,455);
INSERT INTO subjects_prerrequisite VALUES(451,455);
INSERT INTO subjects_prerrequisite VALUES(452,455);
INSERT INTO subjects_prerrequisite VALUES(453,455);
INSERT INTO subjects_prerrequisite VALUES(454,455);
INSERT INTO subjects_prerrequisite VALUES(454,456);
INSERT INTO subjects_prerrequisite VALUES(454,457);
INSERT INTO subjects_prerrequisite VALUES(440,458);
INSERT INTO subjects_prerrequisite VALUES(450,459);
INSERT INTO subjects_prerrequisite VALUES(449,460);
INSERT INTO subjects_prerrequisite VALUES(458,461);
INSERT INTO subjects_prerrequisite VALUES(455,462);
INSERT INTO subjects_prerrequisite VALUES(455,463);
INSERT INTO subjects_prerrequisite VALUES(455,464);
INSERT INTO subjects_prerrequisite VALUES(878,884);
INSERT INTO subjects_prerrequisite VALUES(879,885);
INSERT INTO subjects_prerrequisite VALUES(877,886);
INSERT INTO subjects_prerrequisite VALUES(878,887);
INSERT INTO subjects_prerrequisite VALUES(878,888);
INSERT INTO subjects_prerrequisite VALUES(883,894);
INSERT INTO subjects_prerrequisite VALUES(884,889);
INSERT INTO subjects_prerrequisite VALUES(884,890);
INSERT INTO subjects_prerrequisite VALUES(880,890);
INSERT INTO subjects_prerrequisite VALUES(884,891);
INSERT INTO subjects_prerrequisite VALUES(888,891);
INSERT INTO subjects_prerrequisite VALUES(886,892);
INSERT INTO subjects_prerrequisite VALUES(884,893);
INSERT INTO subjects_prerrequisite VALUES(888,893);
INSERT INTO subjects_prerrequisite VALUES(887,895);
INSERT INTO subjects_prerrequisite VALUES(890,896);
INSERT INTO subjects_prerrequisite VALUES(891,897);
INSERT INTO subjects_prerrequisite VALUES(891,898);
INSERT INTO subjects_prerrequisite VALUES(893,899);
INSERT INTO subjects_prerrequisite VALUES(890,899);
INSERT INTO subjects_prerrequisite VALUES(893,900);
INSERT INTO subjects_prerrequisite VALUES(889,901);
INSERT INTO subjects_prerrequisite VALUES(896,902);
INSERT INTO subjects_prerrequisite VALUES(888,903);
INSERT INTO subjects_prerrequisite VALUES(898,904);
INSERT INTO subjects_prerrequisite VALUES(898,905);
INSERT INTO subjects_prerrequisite VALUES(900,905);
INSERT INTO subjects_prerrequisite VALUES(899,906);
INSERT INTO subjects_prerrequisite VALUES(897,907);
INSERT INTO subjects_prerrequisite VALUES(892,907);
INSERT INTO subjects_prerrequisite VALUES(903,908);
INSERT INTO subjects_prerrequisite VALUES(905,909);
INSERT INTO subjects_prerrequisite VALUES(906,910);
INSERT INTO subjects_prerrequisite VALUES(906,911);
INSERT INTO subjects_prerrequisite VALUES(907,912);
INSERT INTO subjects_prerrequisite VALUES(904,913);
INSERT INTO subjects_prerrequisite VALUES(902,914);
INSERT INTO subjects_prerrequisite VALUES(908,915);
INSERT INTO subjects_prerrequisite VALUES(913,915);
INSERT INTO subjects_prerrequisite VALUES(910,916);
INSERT INTO subjects_prerrequisite VALUES(909,917);
INSERT INTO subjects_prerrequisite VALUES(912,918);
INSERT INTO subjects_prerrequisite VALUES(914,919);
INSERT INTO subjects_prerrequisite VALUES(904,920);
INSERT INTO subjects_prerrequisite VALUES(881,921);
INSERT INTO subjects_prerrequisite VALUES(918,922);
INSERT INTO subjects_prerrequisite VALUES(916,923);
INSERT INTO subjects_prerrequisite VALUES(917,924);
INSERT INTO subjects_prerrequisite VALUES(920,925);
INSERT INTO subjects_prerrequisite VALUES(919,925);
INSERT INTO subjects_prerrequisite VALUES(894,925);
INSERT INTO subjects_prerrequisite VALUES(915,926);
INSERT INTO subjects_prerrequisite VALUES(911,926);
INSERT INTO subjects_prerrequisite VALUES(923,927);
INSERT INTO subjects_prerrequisite VALUES(926,928);
INSERT INTO subjects_prerrequisite VALUES(922,928);
INSERT INTO subjects_prerrequisite VALUES(924,930);
INSERT INTO subjects_prerrequisite VALUES(924,931);
INSERT INTO subjects_prerrequisite VALUES(923,932);
INSERT INTO subjects_prerrequisite VALUES(921,933);
INSERT INTO subjects_prerrequisite VALUES(921,934);
INSERT INTO subjects_prerrequisite VALUES(932,936);
INSERT INTO subjects_prerrequisite VALUES(930,937);
INSERT INTO subjects_prerrequisite VALUES(925,938);
INSERT INTO subjects_prerrequisite VALUES(928,938);
INSERT INTO subjects_prerrequisite VALUES(927,938);
INSERT INTO subjects_prerrequisite VALUES(939,940);
INSERT INTO subjects_prerrequisite VALUES(941,942);
INSERT INTO subjects_prerrequisite VALUES(952,942);
INSERT INTO subjects_prerrequisite VALUES(941,949);
INSERT INTO subjects_prerrequisite VALUES(941,950);
INSERT INTO subjects_prerrequisite VALUES(939,947);
INSERT INTO subjects_prerrequisite VALUES(945,946);
INSERT INTO subjects_prerrequisite VALUES(942,943);
INSERT INTO subjects_prerrequisite VALUES(942,944);
INSERT INTO subjects_prerrequisite VALUES(942,957);
INSERT INTO subjects_prerrequisite VALUES(950,957);
INSERT INTO subjects_prerrequisite VALUES(947,957);
INSERT INTO subjects_prerrequisite VALUES(955,948);
INSERT INTO subjects_prerrequisite VALUES(949,948);
INSERT INTO subjects_prerrequisite VALUES(950,948);
INSERT INTO subjects_prerrequisite VALUES(949,956);
INSERT INTO subjects_prerrequisite VALUES(950,951);
INSERT INTO subjects_prerrequisite VALUES(942,951);
INSERT INTO subjects_prerrequisite VALUES(940,954);
INSERT INTO subjects_prerrequisite VALUES(944,958);
INSERT INTO subjects_prerrequisite VALUES(943,960);
INSERT INTO subjects_prerrequisite VALUES(951,961);
INSERT INTO subjects_prerrequisite VALUES(944,961);
INSERT INTO subjects_prerrequisite VALUES(951,962);
INSERT INTO subjects_prerrequisite VALUES(957,963);
INSERT INTO subjects_prerrequisite VALUES(944,964);
INSERT INTO subjects_prerrequisite VALUES(958,965);
INSERT INTO subjects_prerrequisite VALUES(961,966);
INSERT INTO subjects_prerrequisite VALUES(954,967);
INSERT INTO subjects_prerrequisite VALUES(964,967);
INSERT INTO subjects_prerrequisite VALUES(948,968);
INSERT INTO subjects_prerrequisite VALUES(963,968);
INSERT INTO subjects_prerrequisite VALUES(950,969);
INSERT INTO subjects_prerrequisite VALUES(948,970);
INSERT INTO subjects_prerrequisite VALUES(965,971);
INSERT INTO subjects_prerrequisite VALUES(966,972);
INSERT INTO subjects_prerrequisite VALUES(966,973);
INSERT INTO subjects_prerrequisite VALUES(966,974);
INSERT INTO subjects_prerrequisite VALUES(969,974);
INSERT INTO subjects_prerrequisite VALUES(969,975);
INSERT INTO subjects_prerrequisite VALUES(971,976);
INSERT INTO subjects_prerrequisite VALUES(972,976);
INSERT INTO subjects_prerrequisite VALUES(975,976);
INSERT INTO subjects_prerrequisite VALUES(971,977);
INSERT INTO subjects_prerrequisite VALUES(973,977);
INSERT INTO subjects_prerrequisite VALUES(975,977);
INSERT INTO subjects_prerrequisite VALUES(968,978);
INSERT INTO subjects_prerrequisite VALUES(972,978);
INSERT INTO subjects_prerrequisite VALUES(971,979);
INSERT INTO subjects_prerrequisite VALUES(972,979);
INSERT INTO subjects_prerrequisite VALUES(971,980);
INSERT INTO subjects_prerrequisite VALUES(968,981);
INSERT INTO subjects_prerrequisite VALUES(968,982);
INSERT INTO subjects_prerrequisite VALUES(974,982);
INSERT INTO subjects_prerrequisite VALUES(981,983);
INSERT INTO subjects_prerrequisite VALUES(970,984);
INSERT INTO subjects_prerrequisite VALUES(982,984);
INSERT INTO subjects_prerrequisite VALUES(970,985);
INSERT INTO subjects_prerrequisite VALUES(978,985);
INSERT INTO subjects_prerrequisite VALUES(982,985);
INSERT INTO subjects_prerrequisite VALUES(978,986);
INSERT INTO subjects_prerrequisite VALUES(982,986);
INSERT INTO subjects_prerrequisite VALUES(976,987);
INSERT INTO subjects_prerrequisite VALUES(970,988);
INSERT INTO subjects_prerrequisite VALUES(970,989);
INSERT INTO subjects_prerrequisite VALUES(983,990);
INSERT INTO subjects_prerrequisite VALUES(984,990);
INSERT INTO subjects_prerrequisite VALUES(984,991);
INSERT INTO subjects_prerrequisite VALUES(985,991);
INSERT INTO subjects_prerrequisite VALUES(988,991);
INSERT INTO subjects_prerrequisite VALUES(988,992);
INSERT INTO subjects_prerrequisite VALUES(953,993);
INSERT INTO subjects_prerrequisite VALUES(989,994);
INSERT INTO subjects_prerrequisite VALUES(991,996);
INSERT INTO subjects_prerrequisite VALUES(992,996);
INSERT INTO subjects_prerrequisite VALUES(991,997);
INSERT INTO subjects_prerrequisite VALUES(992,997);
INSERT INTO subjects_prerrequisite VALUES(993,998);
INSERT INTO subjects_prerrequisite VALUES(991,1000);
INSERT INTO subjects_prerrequisite VALUES(820,816);
INSERT INTO subjects_prerrequisite VALUES(820,872);
INSERT INTO subjects_prerrequisite VALUES(820,827);
INSERT INTO subjects_prerrequisite VALUES(843,827);
INSERT INTO subjects_prerrequisite VALUES(820,845);
INSERT INTO subjects_prerrequisite VALUES(851,852);
INSERT INTO subjects_prerrequisite VALUES(824,863);
INSERT INTO subjects_prerrequisite VALUES(820,822);
INSERT INTO subjects_prerrequisite VALUES(844,825);
INSERT INTO subjects_prerrequisite VALUES(845,846);
INSERT INTO subjects_prerrequisite VALUES(852,853);
INSERT INTO subjects_prerrequisite VALUES(863,864);
INSERT INTO subjects_prerrequisite VALUES(852,864);
INSERT INTO subjects_prerrequisite VALUES(846,847);
INSERT INTO subjects_prerrequisite VALUES(816,850);
INSERT INTO subjects_prerrequisite VALUES(853,854);
INSERT INTO subjects_prerrequisite VALUES(821,856);
INSERT INTO subjects_prerrequisite VALUES(874,856);
INSERT INTO subjects_prerrequisite VALUES(840,856);
INSERT INTO subjects_prerrequisite VALUES(864,865);
INSERT INTO subjects_prerrequisite VALUES(853,865);
INSERT INTO subjects_prerrequisite VALUES(827,814);
INSERT INTO subjects_prerrequisite VALUES(876,814);
INSERT INTO subjects_prerrequisite VALUES(820,817);
INSERT INTO subjects_prerrequisite VALUES(847,848);
INSERT INTO subjects_prerrequisite VALUES(854,855);
INSERT INTO subjects_prerrequisite VALUES(865,866);
INSERT INTO subjects_prerrequisite VALUES(817,818);
INSERT INTO subjects_prerrequisite VALUES(817,823);
INSERT INTO subjects_prerrequisite VALUES(814,841);
INSERT INTO subjects_prerrequisite VALUES(848,867);
INSERT INTO subjects_prerrequisite VALUES(848,868);
INSERT INTO subjects_prerrequisite VALUES(827,868);
INSERT INTO subjects_prerrequisite VALUES(814,815);
INSERT INTO subjects_prerrequisite VALUES(876,815);
INSERT INTO subjects_prerrequisite VALUES(856,819);
INSERT INTO subjects_prerrequisite VALUES(867,849);
INSERT INTO subjects_prerrequisite VALUES(814,871);
INSERT INTO subjects_prerrequisite VALUES(855,875);
INSERT INTO subjects_prerrequisite VALUES(818,875);
INSERT INTO subjects_prerrequisite VALUES(819,873);
INSERT INTO subjects_prerrequisite VALUES(849,873);
INSERT INTO subjects_prerrequisite VALUES(866,869);
INSERT INTO subjects_prerrequisite VALUES(823,869);
INSERT INTO subjects_prerrequisite VALUES(875,869);
INSERT INTO subjects_prerrequisite VALUES(871,870);
INSERT INTO subjects_prerrequisite VALUES(815,870);
INSERT INTO subjects_prerrequisite VALUES(849,870);
INSERT INTO subjects_prerrequisite VALUES(700,701);
INSERT INTO subjects_prerrequisite VALUES(701,702);
INSERT INTO subjects_prerrequisite VALUES(701,703);
INSERT INTO subjects_prerrequisite VALUES(703,704);
INSERT INTO subjects_prerrequisite VALUES(703,705);
INSERT INTO subjects_prerrequisite VALUES(716,717);
INSERT INTO subjects_prerrequisite VALUES(700,708);
INSERT INTO subjects_prerrequisite VALUES(708,709);
INSERT INTO subjects_prerrequisite VALUES(701,709);
INSERT INTO subjects_prerrequisite VALUES(709,710);
INSERT INTO subjects_prerrequisite VALUES(702,710);
INSERT INTO subjects_prerrequisite VALUES(710,711);
INSERT INTO subjects_prerrequisite VALUES(708,714);
INSERT INTO subjects_prerrequisite VALUES(701,714);
INSERT INTO subjects_prerrequisite VALUES(710,712);
INSERT INTO subjects_prerrequisite VALUES(704,712);
INSERT INTO subjects_prerrequisite VALUES(705,712);
INSERT INTO subjects_prerrequisite VALUES(698,699);
INSERT INTO subjects_prerrequisite VALUES(699,715);
INSERT INTO subjects_prerrequisite VALUES(706,707);
INSERT INTO subjects_prerrequisite VALUES(703,722);
INSERT INTO subjects_prerrequisite VALUES(715,722);
INSERT INTO subjects_prerrequisite VALUES(722,721);
INSERT INTO subjects_prerrequisite VALUES(714,723);
INSERT INTO subjects_prerrequisite VALUES(709,720);
INSERT INTO subjects_prerrequisite VALUES(717,720);
INSERT INTO subjects_prerrequisite VALUES(720,718);
INSERT INTO subjects_prerrequisite VALUES(714,718);
INSERT INTO subjects_prerrequisite VALUES(718,724);
INSERT INTO subjects_prerrequisite VALUES(711,724);
INSERT INTO subjects_prerrequisite VALUES(720,725);
INSERT INTO subjects_prerrequisite VALUES(722,725);
INSERT INTO subjects_prerrequisite VALUES(712,719);
INSERT INTO subjects_prerrequisite VALUES(718,719);
INSERT INTO subjects_prerrequisite VALUES(720,735);
INSERT INTO subjects_prerrequisite VALUES(725,735);
INSERT INTO subjects_prerrequisite VALUES(707,735);
INSERT INTO subjects_prerrequisite VALUES(735,736);
INSERT INTO subjects_prerrequisite VALUES(725,728);
INSERT INTO subjects_prerrequisite VALUES(728,729);
INSERT INTO subjects_prerrequisite VALUES(718,729);
INSERT INTO subjects_prerrequisite VALUES(724,737);
INSERT INTO subjects_prerrequisite VALUES(729,727);
INSERT INTO subjects_prerrequisite VALUES(733,727);
INSERT INTO subjects_prerrequisite VALUES(719,733);
INSERT INTO subjects_prerrequisite VALUES(733,731);
INSERT INTO subjects_prerrequisite VALUES(733,734);
INSERT INTO subjects_prerrequisite VALUES(731,732);
INSERT INTO subjects_prerrequisite VALUES(734,732);
INSERT INTO subjects_prerrequisite VALUES(731,726);
INSERT INTO subjects_prerrequisite VALUES(734,726);
INSERT INTO subjects_prerrequisite VALUES(726,730);
INSERT INTO subjects_prerrequisite VALUES(732,730);
INSERT INTO subjects_prerrequisite VALUES(736,738);
INSERT INTO subjects_prerrequisite VALUES(737,738);
INSERT INTO subjects_prerrequisite VALUES(738,739);
INSERT INTO subjects_prerrequisite VALUES(739,740);
INSERT INTO subjects_prerrequisite VALUES(727,743);
INSERT INTO subjects_prerrequisite VALUES(738,744);
INSERT INTO subjects_prerrequisite VALUES(744,745);
INSERT INTO subjects_prerrequisite VALUES(721,742);
INSERT INTO subjects_prerrequisite VALUES(742,741);
INSERT INTO subjects_prerrequisite VALUES(646,651);
INSERT INTO subjects_prerrequisite VALUES(647,652);
INSERT INTO subjects_prerrequisite VALUES(646,654);
INSERT INTO subjects_prerrequisite VALUES(644,649);
INSERT INTO subjects_prerrequisite VALUES(647,655);
INSERT INTO subjects_prerrequisite VALUES(646,650);
INSERT INTO subjects_prerrequisite VALUES(647,653);
INSERT INTO subjects_prerrequisite VALUES(651,657);
INSERT INTO subjects_prerrequisite VALUES(654,659);
INSERT INTO subjects_prerrequisite VALUES(655,660);
INSERT INTO subjects_prerrequisite VALUES(650,661);
INSERT INTO subjects_prerrequisite VALUES(652,656);
INSERT INTO subjects_prerrequisite VALUES(649,662);
INSERT INTO subjects_prerrequisite VALUES(653,658);
INSERT INTO subjects_prerrequisite VALUES(661,669);
INSERT INTO subjects_prerrequisite VALUES(653,669);
INSERT INTO subjects_prerrequisite VALUES(662,667);
INSERT INTO subjects_prerrequisite VALUES(662,670);
INSERT INTO subjects_prerrequisite VALUES(657,663);
INSERT INTO subjects_prerrequisite VALUES(659,666);
INSERT INTO subjects_prerrequisite VALUES(660,668);
INSERT INTO subjects_prerrequisite VALUES(658,665);
INSERT INTO subjects_prerrequisite VALUES(656,664);
INSERT INTO subjects_prerrequisite VALUES(669,686);
INSERT INTO subjects_prerrequisite VALUES(667,694);
INSERT INTO subjects_prerrequisite VALUES(667,673);
INSERT INTO subjects_prerrequisite VALUES(663,692);
INSERT INTO subjects_prerrequisite VALUES(668,682);
INSERT INTO subjects_prerrequisite VALUES(664,674);
INSERT INTO subjects_prerrequisite VALUES(665,671);
INSERT INTO subjects_prerrequisite VALUES(686,693);
INSERT INTO subjects_prerrequisite VALUES(665,693);
INSERT INTO subjects_prerrequisite VALUES(694,684);
INSERT INTO subjects_prerrequisite VALUES(694,696);
INSERT INTO subjects_prerrequisite VALUES(686,688);
INSERT INTO subjects_prerrequisite VALUES(682,683);
INSERT INTO subjects_prerrequisite VALUES(671,680);
INSERT INTO subjects_prerrequisite VALUES(670,680);
INSERT INTO subjects_prerrequisite VALUES(673,695);
INSERT INTO subjects_prerrequisite VALUES(696,690);
INSERT INTO subjects_prerrequisite VALUES(684,697);
INSERT INTO subjects_prerrequisite VALUES(680,685);
INSERT INTO subjects_prerrequisite VALUES(695,672);
INSERT INTO subjects_prerrequisite VALUES(672,689);
INSERT INTO subjects_prerrequisite VALUES(1001,1006);
INSERT INTO subjects_prerrequisite VALUES(1002,1006);
INSERT INTO subjects_prerrequisite VALUES(1003,1007);
INSERT INTO subjects_prerrequisite VALUES(1002,1008);
INSERT INTO subjects_prerrequisite VALUES(1004,1008);
INSERT INTO subjects_prerrequisite VALUES(1002,1009);
INSERT INTO subjects_prerrequisite VALUES(1004,1009);
INSERT INTO subjects_prerrequisite VALUES(1006,1011);
INSERT INTO subjects_prerrequisite VALUES(1008,1011);
INSERT INTO subjects_prerrequisite VALUES(1006,1012);
INSERT INTO subjects_prerrequisite VALUES(1005,1013);
INSERT INTO subjects_prerrequisite VALUES(1006,1014);
INSERT INTO subjects_prerrequisite VALUES(1009,1014);
INSERT INTO subjects_prerrequisite VALUES(1008,1015);
INSERT INTO subjects_prerrequisite VALUES(1011,1016);
INSERT INTO subjects_prerrequisite VALUES(1012,1017);
INSERT INTO subjects_prerrequisite VALUES(1012,1018);
INSERT INTO subjects_prerrequisite VALUES(1013,1018);
INSERT INTO subjects_prerrequisite VALUES(1011,1019);
INSERT INTO subjects_prerrequisite VALUES(1015,1019);
INSERT INTO subjects_prerrequisite VALUES(1014,1020);
INSERT INTO subjects_prerrequisite VALUES(1012,1020);
INSERT INTO subjects_prerrequisite VALUES(1017,1021);
INSERT INTO subjects_prerrequisite VALUES(1016,1022);
INSERT INTO subjects_prerrequisite VALUES(1019,1022);
INSERT INTO subjects_prerrequisite VALUES(1004,1023);
INSERT INTO subjects_prerrequisite VALUES(1017,1023);
INSERT INTO subjects_prerrequisite VALUES(1001,1024);
INSERT INTO subjects_prerrequisite VALUES(1019,1024);
INSERT INTO subjects_prerrequisite VALUES(1001,1025);
INSERT INTO subjects_prerrequisite VALUES(1019,1025);
INSERT INTO subjects_prerrequisite VALUES(1004,1026);
INSERT INTO subjects_prerrequisite VALUES(1007,1026);
INSERT INTO subjects_prerrequisite VALUES(1008,1027);
INSERT INTO subjects_prerrequisite VALUES(1018,1027);
INSERT INTO subjects_prerrequisite VALUES(1021,1027);
INSERT INTO subjects_prerrequisite VALUES(1022,1028);
INSERT INTO subjects_prerrequisite VALUES(1025,1029);
INSERT INTO subjects_prerrequisite VALUES(1024,1029);
INSERT INTO subjects_prerrequisite VALUES(1018,1030);
INSERT INTO subjects_prerrequisite VALUES(1021,1030);
INSERT INTO subjects_prerrequisite VALUES(1022,1031);
INSERT INTO subjects_prerrequisite VALUES(1022,1032);
INSERT INTO subjects_prerrequisite VALUES(1025,1032);
